Arguments: 
  C:\Program Files\nodejs\node.exe C:\Users\40534\AppData\Roaming\npm\node_modules\yarn\bin\yarn.js add @types/vue-cropper -D

PATH: 
  C:\Program Files\Common Files\Oracle\Java\javapath;C:\WINDOWS\system32;C:\WINDOWS;C:\WINDOWS\System32\Wbem;C:\WINDOWS\System32\WindowsPowerShell\v1.0\;C:\WINDOWS\System32\OpenSSH\;C:\Program Files\Git\cmd;C:\Program Files\nodejs\;C:\Program Files (x86)\NetSarang\Xshell 7\;C:\Program Files (x86)\NetSarang\Xftp 7\;C:\Users\40534\.cargo\bin;C:\Users\40534\AppData\Local\Programs\Python\Python310\Scripts\;C:\Users\40534\AppData\Local\Programs\Python\Python310\;C:\Users\40534\AppData\Local\Microsoft\WindowsApps;C:\Users\40534\AppData\Local\Programs\Microsoft VS Code\bin;C:\Users\40534\AppData\Roaming\npm;C:\Users\40534\Downloads\sonar-scanner-4.6.2.2472-windows\bin;

Yarn version: 
  1.22.17

Node version: 
  16.13.0

Platform: 
  win32 x64

Trace: 
  Error: https://registry.npmjs.org/@types%2fvue-cropper: Not found
      at Request.params.callback [as _callback] (C:\Users\40534\AppData\Roaming\npm\node_modules\yarn\lib\cli.js:67029:18)
      at Request.self.callback (C:\Users\40534\AppData\Roaming\npm\node_modules\yarn\lib\cli.js:140883:22)
      at Request.emit (node:events:390:28)
      at Request.<anonymous> (C:\Users\40534\AppData\Roaming\npm\node_modules\yarn\lib\cli.js:141855:10)
      at Request.emit (node:events:390:28)
      at IncomingMessage.<anonymous> (C:\Users\40534\AppData\Roaming\npm\node_modules\yarn\lib\cli.js:141777:12)
      at Object.onceWrapper (node:events:509:28)
      at IncomingMessage.emit (node:events:402:35)
      at endReadableNT (node:internal/streams/readable:1343:12)
      at processTicksAndRejections (node:internal/process/task_queues:83:21)

npm manifest: 
  {
    "name": "ltsys",
    "version": "0.0.1",
    "license": "ISC",
    "scripts": {
      "dev": "vite --host",
      "build": "vite build",
      "prod": " vue-tsc --noEmit &&vite build",
      "serve": "vite preview",
      "lint": "eslint --ext .vue,.js,.ts ./"
    },
    "lint-staged": {
      "*.{vue,js,ts}": "eslint --fix"
    },
    "dependencies": {
      "@antv/data-set": "^0.11.8",
      "@antv/g2": "^4.1.19",
      "@antv/g2plot": "^2.3.24",
      "@fullcalendar/vue3": "^5.8.0",
      "@types/axios": "^0.14.0",
      "@types/clipboard": "^2.0.1",
      "@types/crypto-js": "^4.1.1",
      "@types/lodash": "^4.14.178",
      "@types/node": "^15.0.1",
      "@types/numeral": "^2.0.2",
      "@types/qs": "^6.9.7",
      "@vitejs/plugin-legacy": "^1.4.3",
      "@vitejs/plugin-vue": "^1.2.1",
      "axios": "^0.21.1",
      "bpmn-js": "^7.2.1",
      "buffer": "^6.0.3",
      "clipboard": "^2.0.4",
      "crypto-es": "^1.2.7",
      "crypto-js": "^4.1.1",
      "css-color-function": "^1.3.3",
      "dayjs": "^1.10.7",
      "echarts": "^5.1.1",
      "element-china-area-data": "^5.0.2",
      "element-plus": "^2.1.10",
      "fuse.js": "^6.4.6",
      "highlight.js": "^9.18.5",
      "js-cookie": "^2.2.1",
      "lodash": "^4.17.21",
      "marked": "^2.0.7",
      "mockjs": "^1.1.0",
      "moment": "^2.29.1",
      "numeral": "^2.0.6",
      "path": "^0.12.7",
      "path-to-regexp": "^6.2.0",
      "qs": "^6.10.3",
      "sass": "^1.38.1",
      "vite": "^2.6.7",
      "vkbeautify": "^0.99.3",
      "vue": "^3.2.4",
      "vue-cropper": "^0.5.8",
      "vue-qr": "^2.4.0",
      "vue-router": "^4.0.11",
      "vue-tsx-support": "^3.1.0",
      "vuedraggable": "^2.24.3",
      "vuex": "^4.0.0",
      "wangeditor": "^4.7.2",
      "xlsx": "^0.17.0"
    },
    "devDependencies": {
      "@commitlint/cli": "^12.1.1",
      "@commitlint/config-conventional": "^12.1.1",
      "@iconify-json/ep": "^1.1.3",
      "@types/codemirror": "^5.60.0",
      "@types/d3-geo": "^3.0.0",
      "@types/d3-sankey": "^0.11.1",
      "@types/js-cookie": "^2.2.6",
      "@types/vue-cropperjs": "^4.1.1",
      "@typescript-eslint/eslint-plugin": "^4.22.0",
      "@typescript-eslint/parser": "^4.22.0",
      "@vue/compiler-sfc": "^3.0.5",
      "commitizen": "^4.2.3",
      "cz-customizable": "^6.3.0",
      "eslint": "^7.25.0",
      "eslint-config-airbnb-base": "^14.2.1",
      "eslint-config-prettier": "^8.3.0",
      "eslint-plugin-import": "^2.22.1",
      "eslint-plugin-vue": "^7.9.0",
      "husky": "^6.0.0",
      "lint-staged": "^10.5.4",
      "stylus": "^0.54.8",
      "unplugin-auto-import": "^0.7.1",
      "unplugin-icons": "^0.14.1",
      "unplugin-vue-components": "^0.19.3",
      "vite-plugin-inspect": "^0.5.0",
      "vue-tsc": "^0.0.24"
    },
    "config": {
      "commitizen": {
        "path": "./node_modules/cz-customizable"
      }
    }
  }

yarn manifest: 
  No manifest

Lockfile: 
  # THIS IS AN AUTOGENERATED FILE. DO NOT EDIT THIS FILE DIRECTLY.
  # yarn lockfile v1
  
  
  "@antfu/install-pkg@^0.1.0":
    version "0.1.0"
    resolved "https://registry.npmjs.org/@antfu/install-pkg/-/install-pkg-0.1.0.tgz#8d8c61820cbc32e5c37d82d515485ad3ee9bd052"
    integrity sha512-VaIJd3d1o7irZfK1U0nvBsHMyjkuyMP3HKYVV53z8DKyulkHKmjhhtccXO51WSPeeSHIeoJEoNOKavYpS7jkZw==
    dependencies:
      execa "^5.1.1"
      find-up "^5.0.0"
  
  "@antfu/utils@^0.5.0", "@antfu/utils@^0.5.1":
    version "0.5.1"
    resolved "https://registry.npmjs.org/@antfu/utils/-/utils-0.5.1.tgz#7eb6764878adb715daff20019e5a15fd63d93342"
    integrity sha512-8Afo0+xvYe1K8Wm4xHTymfTkpzy36aaqDvhXIayUwl+mecMG9Xzl3XjXa6swG6Bk8FBeQ646RyvmsYt6+2Be9g==
  
  "@antv/adjust@^0.2.1":
    version "0.2.5"
    resolved "https://registry.npmjs.org/@antv/adjust/-/adjust-0.2.5.tgz#bb37bb4a0a87ca3f4b660848bc9ac07f02bcf5db"
    integrity sha512-MfWZOkD9CqXRES6MBGRNe27Q577a72EIwyMnE29wIlPliFvJfWwsrONddpGU7lilMpVKecS3WAzOoip3RfPTRQ==
    dependencies:
      "@antv/util" "~2.0.0"
      tslib "^1.10.0"
  
  "@antv/attr@^0.3.1":
    version "0.3.3"
    resolved "https://registry.npmjs.org/@antv/attr/-/attr-0.3.3.tgz#9966895cdc31e331b1cc738c286d50f48da01d2b"
    integrity sha512-7iSSRhYzZ7pYXZKTL1ECGhTdKVHPQx1Vj7yYVTAiyLMsWsLUAoMf0m6dT6msTs0SdrXHRbjzXavVXxRj/wZZJA==
    dependencies:
      "@antv/color-util" "^2.0.1"
      "@antv/util" "~2.0.0"
      tslib "^1.10.0"
  
  "@antv/color-util@^2.0.1", "@antv/color-util@^2.0.2", "@antv/color-util@^2.0.3":
    version "2.0.6"
    resolved "https://registry.npmjs.org/@antv/color-util/-/color-util-2.0.6.tgz#5e129bb9ce3f2b9309b52102b3dc929430ccc016"
    integrity sha512-KnPEaAH+XNJMjax9U35W67nzPI+QQ2x27pYlzmSIWrbj4/k8PGrARXfzDTjwoozHJY8qG62Z+Ww6Alhu2FctXQ==
    dependencies:
      "@antv/util" "^2.0.9"
      tslib "^2.0.3"
  
  "@antv/component@^0.8.27":
    version "0.8.27"
    resolved "https://registry.npmjs.org/@antv/component/-/component-0.8.27.tgz#eac6326ba1b5db123f88635f93b4450976249d48"
    integrity sha512-FY9fgUBjEuWxQ4w7VbcMSwFr7pqnRf1/F1ja1weoEpNndKBlStNYWhXTx4p5uMJVLvMpXoFPqan7RzyP8rel6Q==
    dependencies:
      "@antv/color-util" "^2.0.3"
      "@antv/dom-util" "~2.0.1"
      "@antv/g-base" "^0.5.9"
      "@antv/matrix-util" "^3.1.0-beta.1"
      "@antv/path-util" "~2.0.7"
      "@antv/scale" "~0.3.1"
      "@antv/util" "~2.0.0"
      fecha "~4.2.0"
      tslib "^2.0.3"
  
  "@antv/coord@^0.3.0":
    version "0.3.1"
    resolved "https://registry.npmjs.org/@antv/coord/-/coord-0.3.1.tgz#982e261d8a1e06a198eb518ea7acc20ed875a019"
    integrity sha512-rFE94C8Xzbx4xmZnHh2AnlB3Qm1n5x0VT3OROy257IH6Rm4cuzv1+tZaUBATviwZd99S+rOY9telw/+6C9GbRw==
    dependencies:
      "@antv/matrix-util" "^3.1.0-beta.2"
      "@antv/util" "~2.0.12"
      tslib "^2.1.0"
  
  "@antv/data-set@^0.11.8":
    version "0.11.8"
    resolved "https://registry.npmjs.org/@antv/data-set/-/data-set-0.11.8.tgz#7413e900624863d5a5f3b46841fd009fc4f2a4ff"
    integrity sha512-8/YDsfk4wNQdo/J9tfmzOuo9Y5nl0mB+sSZO+tEZsHFLUhMrioJGBMPkuW51Pn0zcVZPNivuMBi2sQKYCpCeew==
    dependencies:
      "@antv/hierarchy" "^0.6.0"
      "@antv/util" "^2.0.0"
      d3-composite-projections "^1.2.0"
      d3-dsv "^1.0.5"
      d3-geo "~1.6.4"
      d3-geo-projection "~2.1.2"
      d3-hexjson "^1.0.1"
      d3-hierarchy "^1.1.5"
      d3-sankey "^0.9.1"
      d3-voronoi "^1.1.2"
      dagre "^0.8.2"
      point-at-length "^1.0.2"
      regression "^2.0.0"
      simple-statistics "^6.1.0"
      topojson-client "^3.0.0"
      wolfy87-eventemitter "^5.1.0"
  
  "@antv/dom-util@^2.0.2", "@antv/dom-util@~2.0.1":
    version "2.0.4"
    resolved "https://registry.npmjs.org/@antv/dom-util/-/dom-util-2.0.4.tgz#b09b56c56fec42896fc856edad56b595b47ab514"
    integrity sha512-2shXUl504fKwt82T3GkuT4Uoc6p9qjCKnJ8gXGLSW4T1W37dqf9AV28aCfoVPHp2BUXpSsB+PAJX2rG/jLHsLQ==
    dependencies:
      tslib "^2.0.3"
  
  "@antv/event-emitter@^0.1.1", "@antv/event-emitter@^0.1.2", "@antv/event-emitter@~0.1.0":
    version "0.1.3"
    resolved "https://registry.npmjs.org/@antv/event-emitter/-/event-emitter-0.1.3.tgz#3e06323b9dcd55a3241ddc7c5458cfabd2095164"
    integrity sha512-4ddpsiHN9Pd4UIlWuKVK1C4IiZIdbwQvy9i7DUSI3xNJ89FPUFt8lxDYj8GzzfdllV0NkJTRxnG+FvLk0llidg==
  
  "@antv/g-base@^0.5.3", "@antv/g-base@^0.5.9", "@antv/g-base@~0.5.6":
    version "0.5.11"
    resolved "https://registry.npmjs.org/@antv/g-base/-/g-base-0.5.11.tgz#fe251cfbe557f6c1777787d58c3f2884a42f4934"
    integrity sha512-10Hkq7XksVCqxZZrPkd6HTU9tb/+2meCVEMy/edhS4I/sokhcgC9m3fQP5bE8rA3EVKwELE7MJHZ98BEpVFqvQ==
    dependencies:
      "@antv/event-emitter" "^0.1.1"
      "@antv/g-math" "^0.1.6"
      "@antv/matrix-util" "^3.1.0-beta.1"
      "@antv/path-util" "~2.0.5"
      "@antv/util" "~2.0.13"
      "@types/d3-timer" "^2.0.0"
      d3-ease "^1.0.5"
      d3-interpolate "^1.3.2"
      d3-timer "^1.0.9"
      detect-browser "^5.1.0"
      tslib "^2.0.3"
  
  "@antv/g-canvas@~0.5.10":
    version "0.5.12"
    resolved "https://registry.npmjs.org/@antv/g-canvas/-/g-canvas-0.5.12.tgz#2fc40dced6994f074f22341e65d56f7bbd5275f7"
    integrity sha512-iJ/muwwqCCNONVlPIzv/7OL5iLguaKRj2BxNMytUO3TWwamM+kHkiyYEOkS0dPn9h/hBsHYlLUluSVz2Fp6/bw==
    dependencies:
      "@antv/g-base" "^0.5.3"
      "@antv/g-math" "^0.1.6"
      "@antv/matrix-util" "^3.1.0-beta.1"
      "@antv/path-util" "~2.0.5"
      "@antv/util" "~2.0.0"
      gl-matrix "^3.0.0"
      tslib "^2.0.3"
  
  "@antv/g-math@^0.1.6":
    version "0.1.7"
    resolved "https://registry.npmjs.org/@antv/g-math/-/g-math-0.1.7.tgz#6ec2769269f7ccb67e58140d5739df74046cc04e"
    integrity sha512-xGyXaloD1ynfp7gS4VuV+MjSptZIwHvLHr8ekXJSFAeWPYLu84yOW2wOZHDdp1bzDAIuRv6xDBW58YGHrWsFcA==
    dependencies:
      "@antv/util" "~2.0.0"
      gl-matrix "^3.0.0"
  
  "@antv/g-svg@~0.5.6":
    version "0.5.6"
    resolved "https://registry.npmjs.org/@antv/g-svg/-/g-svg-0.5.6.tgz#70b2fa980c431b39ad3c5b4b53e36a1d60957d65"
    integrity sha512-Xve1EUGk4HMbl2nq4ozR4QLh6GyoZ8Xw/+9kHYI4B5P2lIUQU95MuRsaLFfW5NNpZDx85ZeH97tqEmC9L96E7A==
    dependencies:
      "@antv/g-base" "^0.5.3"
      "@antv/g-math" "^0.1.6"
      "@antv/util" "~2.0.0"
      detect-browser "^5.0.0"
      tslib "^2.0.3"
  
  "@antv/g2@^4.1.19", "@antv/g2@^4.1.26":
    version "4.2.0"
    resolved "https://registry.npmjs.org/@antv/g2/-/g2-4.2.0.tgz#568af9054b6e84e361c4a7847bfc21a7ce3f8ce1"
    integrity sha512-rf5NQSkO25edie1FSaFYrwOjsZIo/gvKwFkeF4Wi/ALQ+KtDDgNEq/z+bjuYZHh7ppfdzvADD39GHl5ycu7NXA==
    dependencies:
      "@antv/adjust" "^0.2.1"
      "@antv/attr" "^0.3.1"
      "@antv/color-util" "^2.0.2"
      "@antv/component" "^0.8.27"
      "@antv/coord" "^0.3.0"
      "@antv/dom-util" "^2.0.2"
      "@antv/event-emitter" "~0.1.0"
      "@antv/g-base" "~0.5.6"
      "@antv/g-canvas" "~0.5.10"
      "@antv/g-svg" "~0.5.6"
      "@antv/matrix-util" "^3.1.0-beta.3"
      "@antv/path-util" "^2.0.15"
      "@antv/scale" "^0.3.14"
      "@antv/util" "~2.0.5"
      tslib "^2.0.0"
  
  "@antv/g2plot@^2.3.24":
    version "2.4.16"
    resolved "https://registry.npmjs.org/@antv/g2plot/-/g2plot-2.4.16.tgz#d645940ec1db32a6553d1e1f9a1e197cb79b879c"
    integrity sha512-uuO08uyN4WvHHt0f3o6qVuIrUiARhIwebFh/JvMTnWEqoH3MbVo3e6vvcLhBrqE2J+WZeQyqrtyAxl92C95wqw==
    dependencies:
      "@antv/event-emitter" "^0.1.2"
      "@antv/g2" "^4.1.26"
      d3-hierarchy "^2.0.0"
      d3-regression "^1.3.5"
      fmin "^0.0.2"
      pdfast "^0.2.0"
      size-sensor "^1.0.1"
      tslib "^2.0.3"
  
  "@antv/hierarchy@^0.6.0":
    version "0.6.8"
    resolved "https://registry.npmjs.org/@antv/hierarchy/-/hierarchy-0.6.8.tgz#b77c490a9c2dd6da186cbacee0e7887b8c1b3fa4"
    integrity sha512-wVzUl+pxny5gyGJ2mkWx8IiEypX6bnMHgr/NILgbxY6shoy0Vf4FhZpI3CY8Ez7bQT6js8fMkB2NymPW7d7i8A==
    dependencies:
      "@antv/util" "^2.0.7"
  
  "@antv/matrix-util@^3.0.4":
    version "3.0.4"
    resolved "https://registry.npmjs.org/@antv/matrix-util/-/matrix-util-3.0.4.tgz#ea13f158aa2fb4ba2fb8d6b6b561ec467ea3ac20"
    integrity sha512-BAPyu6dUliHcQ7fm9hZSGKqkwcjEDVLVAstlHULLvcMZvANHeLXgHEgV7JqcAV/GIhIz8aZChIlzM1ZboiXpYQ==
    dependencies:
      "@antv/util" "^2.0.9"
      gl-matrix "^3.3.0"
      tslib "^2.0.3"
  
  "@antv/matrix-util@^3.1.0-beta.1", "@antv/matrix-util@^3.1.0-beta.2", "@antv/matrix-util@^3.1.0-beta.3":
    version "3.1.0-beta.3"
    resolved "https://registry.npmjs.org/@antv/matrix-util/-/matrix-util-3.1.0-beta.3.tgz#e061de8fa7be04605a155c69cc5ce9082eedddee"
    integrity sha512-W2R6Za3A6CmG51Y/4jZUM/tFgYSq7vTqJL1VD9dKrvwxS4sE0ZcXINtkp55CdyBwJ6Cwm8pfoRpnD4FnHahN0A==
    dependencies:
      "@antv/util" "^2.0.9"
      gl-matrix "^3.4.3"
      tslib "^2.0.3"
  
  "@antv/path-util@^2.0.15", "@antv/path-util@~2.0.5", "@antv/path-util@~2.0.7":
    version "2.0.15"
    resolved "https://registry.npmjs.org/@antv/path-util/-/path-util-2.0.15.tgz#a6f691dfc8b7bce5be7f0aabb5bd614964325631"
    integrity sha512-R2VLZ5C8PLPtr3VciNyxtjKqJ0XlANzpFb5sE9GE61UQqSRuSVSzIakMxjEPrpqbgc+s+y8i+fmc89Snu7qbNw==
    dependencies:
      "@antv/matrix-util" "^3.0.4"
      "@antv/util" "^2.0.9"
      tslib "^2.0.3"
  
  "@antv/scale@^0.3.14", "@antv/scale@~0.3.1":
    version "0.3.17"
    resolved "https://registry.npmjs.org/@antv/scale/-/scale-0.3.17.tgz#f19cc4a7a667edbceac1df35b87267bbbca71ae0"
    integrity sha512-YjPYG2Lbhou2cnle4MTlsq45dUVjP5tiGG/pYNIerE1sSBqFnC0/7tf9ZWp5OaHZH/qHNX8IfKeQdWHZDR4kDw==
    dependencies:
      "@antv/util" "~2.0.3"
      fecha "~4.2.0"
      tslib "^2.0.0"
  
  "@antv/util@^2.0.0", "@antv/util@^2.0.7", "@antv/util@^2.0.9", "@antv/util@~2.0.0", "@antv/util@~2.0.12", "@antv/util@~2.0.13", "@antv/util@~2.0.3", "@antv/util@~2.0.5":
    version "2.0.17"
    resolved "https://registry.npmjs.org/@antv/util/-/util-2.0.17.tgz#e8ef42aca7892815b229269f3dd10c6b3c7597a9"
    integrity sha512-o6I9hi5CIUvLGDhth0RxNSFDRwXeywmt6ExR4+RmVAzIi48ps6HUy+svxOCayvrPBN37uE6TAc2KDofRo0nK9Q==
    dependencies:
      csstype "^3.0.8"
      tslib "^2.0.3"
  
  "@babel/code-frame@7.12.11":
    version "7.12.11"
    resolved "https://registry.npmjs.org/@babel/code-frame/-/code-frame-7.12.11.tgz#f4ad435aa263db935b8f10f2c552d23fb716a63f"
    integrity sha512-Zt1yodBx1UcyiePMSkWnU4hPqhwq7hGi2nFL1LeA3EUl+q2LQx16MISgJ0+z7dnmgvP9QtIleuETGOiOH1RcIw==
    dependencies:
      "@babel/highlight" "^7.10.4"
  
  "@babel/code-frame@^7.0.0":
    version "7.16.7"
    resolved "https://registry.npmjs.org/@babel/code-frame/-/code-frame-7.16.7.tgz#44416b6bd7624b998f5b1af5d470856c40138789"
    integrity sha512-iAXqUn8IIeBTNd72xsFlgaXHkMBMt6y4HJp1tIaK465CWLT/fG1aqB7ykr95gHHmlBdGbFeWWfyB4NJJ0nmeIg==
    dependencies:
      "@babel/highlight" "^7.16.7"
  
  "@babel/helper-validator-identifier@^7.16.7":
    version "7.16.7"
    resolved "https://registry.npmjs.org/@babel/helper-validator-identifier/-/helper-validator-identifier-7.16.7.tgz#e8c602438c4a8195751243da9031d1607d247cad"
    integrity sha512-hsEnFemeiW4D08A5gUAZxLBTXpZ39P+a+DGDsHw1yxqyQ/jzFEnxf5uTEGp+3bzAbNOxU1paTgYS4ECU/IgfDw==
  
  "@babel/highlight@^7.10.4", "@babel/highlight@^7.16.7":
    version "7.17.9"
    resolved "https://registry.npmjs.org/@babel/highlight/-/highlight-7.17.9.tgz#61b2ee7f32ea0454612def4fccdae0de232b73e3"
    integrity sha512-J9PfEKCbFIv2X5bjTMiZu6Vf341N05QIY+d6FvVKynkG1S7G0j3I0QoRtWIrXhZ+/Nlb5Q0MzqL7TokEJ5BNHg==
    dependencies:
      "@babel/helper-validator-identifier" "^7.16.7"
      chalk "^2.0.0"
      js-tokens "^4.0.0"
  
  "@babel/parser@^7.16.4":
    version "7.17.9"
    resolved "https://registry.npmjs.org/@babel/parser/-/parser-7.17.9.tgz#9c94189a6062f0291418ca021077983058e171ef"
    integrity sha512-vqUSBLP8dQHFPdPi9bc5GK9vRkYHJ49fsZdtoJ8EQ8ibpwk5rPKfvNIwChB0KVXcIjcepEBBd2VHC5r9Gy8ueg==
  
  "@babel/runtime-corejs3@^7.11.2":
    version "7.17.9"
    resolved "https://registry.npmjs.org/@babel/runtime-corejs3/-/runtime-corejs3-7.17.9.tgz#3d02d0161f0fbf3ada8e88159375af97690f4055"
    integrity sha512-WxYHHUWF2uZ7Hp1K+D1xQgbgkGUfA+5UPOegEXGt2Y5SMog/rYCVaifLZDbw8UkNXozEqqrZTy6bglL7xTaCOw==
    dependencies:
      core-js-pure "^3.20.2"
      regenerator-runtime "^0.13.4"
  
  "@babel/runtime@^7.11.2":
    version "7.17.9"
    resolved "https://registry.npmjs.org/@babel/runtime/-/runtime-7.17.9.tgz#d19fbf802d01a8cb6cf053a64e472d42c434ba72"
    integrity sha512-lSiBBvodq29uShpWGNbgFdKYNiFDo5/HIYsaCEY9ff4sb10x9jizo2+pRrSyF4jKZCXqgzuqBOQKbUm90gQwJg==
    dependencies:
      regenerator-runtime "^0.13.4"
  
  "@babel/standalone@^7.17.9":
    version "7.17.9"
    resolved "https://registry.npmjs.org/@babel/standalone/-/standalone-7.17.9.tgz#208298055c70531a81759435e443586754d693f9"
    integrity sha512-9wL9AtDlga8avxUrBvQJmhUtJWrelsUL0uV+TcP+49Sb6Pj8/bNIzQzU4dDp0NAPOvnZR/7msFIKsKoCl/W1/w==
  
  "@commitlint/cli@^12.1.1":
    version "12.1.4"
    resolved "https://registry.npmjs.org/@commitlint/cli/-/cli-12.1.4.tgz#af4d9dd3c0122c7b39a61fa1cd2abbad0422dbe0"
    integrity sha512-ZR1WjXLvqEffYyBPT0XdnSxtt3Ty1TMoujEtseW5o3vPnkA1UNashAMjQVg/oELqfaiAMnDw8SERPMN0e/0kLg==
    dependencies:
      "@commitlint/format" "^12.1.4"
      "@commitlint/lint" "^12.1.4"
      "@commitlint/load" "^12.1.4"
      "@commitlint/read" "^12.1.4"
      "@commitlint/types" "^12.1.4"
      lodash "^4.17.19"
      resolve-from "5.0.0"
      resolve-global "1.0.0"
      yargs "^16.2.0"
  
  "@commitlint/config-conventional@^12.1.1":
    version "12.1.4"
    resolved "https://registry.npmjs.org/@commitlint/config-conventional/-/config-conventional-12.1.4.tgz#95bbab622f117a8a3e49f95917b08655040c66a8"
    integrity sha512-ZIdzmdy4o4WyqywMEpprRCrehjCSQrHkaRTVZV411GyLigFQHlEBSJITAihLAWe88Qy/8SyoIe5uKvAsV5vRqQ==
    dependencies:
      conventional-changelog-conventionalcommits "^4.3.1"
  
  "@commitlint/config-validator@^16.2.1":
    version "16.2.1"
    resolved "https://registry.npmjs.org/@commitlint/config-validator/-/config-validator-16.2.1.tgz#794e769afd4756e4cf1bfd823b6612932e39c56d"
    integrity sha512-hogSe0WGg7CKmp4IfNbdNES3Rq3UEI4XRPB8JL4EPgo/ORq5nrGTVzxJh78omibNuB8Ho4501Czb1Er1MoDWpw==
    dependencies:
      "@commitlint/types" "^16.2.1"
      ajv "^6.12.6"
  
  "@commitlint/ensure@^12.1.4":
    version "12.1.4"
    resolved "https://registry.npmjs.org/@commitlint/ensure/-/ensure-12.1.4.tgz#287ae2dcc5ccb086e749705b1bd9bdb99773056f"
    integrity sha512-MxHIBuAG9M4xl33qUfIeMSasbv3ktK0W+iygldBxZOL4QSYC2Gn66pZAQMnV9o3V+sVFHoAK2XUKqBAYrgbEqw==
    dependencies:
      "@commitlint/types" "^12.1.4"
      lodash "^4.17.19"
  
  "@commitlint/execute-rule@^12.1.4":
    version "12.1.4"
    resolved "https://registry.npmjs.org/@commitlint/execute-rule/-/execute-rule-12.1.4.tgz#9973b02e9779adbf1522ae9ac207a4815ec73de1"
    integrity sha512-h2S1j8SXyNeABb27q2Ok2vD1WfxJiXvOttKuRA9Or7LN6OQoC/KtT3844CIhhWNteNMu/wE0gkTqGxDVAnJiHg==
  
  "@commitlint/execute-rule@^16.2.1":
    version "16.2.1"
    resolved "https://registry.npmjs.org/@commitlint/execute-rule/-/execute-rule-16.2.1.tgz#60be73be4b9af97a41546e7ce59fdd33787c65f8"
    integrity sha512-oSls82fmUTLM6cl5V3epdVo4gHhbmBFvCvQGHBRdQ50H/690Uq1Dyd7hXMuKITCIdcnr9umyDkr8r5C6HZDF3g==
  
  "@commitlint/format@^12.1.4":
    version "12.1.4"
    resolved "https://registry.npmjs.org/@commitlint/format/-/format-12.1.4.tgz#db2d46418a6ae57c90e5f7f65dff46f0265d9f24"
    integrity sha512-h28ucMaoRjVvvgS6Bdf85fa/+ZZ/iu1aeWGCpURnQV7/rrVjkhNSjZwGlCOUd5kDV1EnZ5XdI7L18SUpRjs26g==
    dependencies:
      "@commitlint/types" "^12.1.4"
      chalk "^4.0.0"
  
  "@commitlint/is-ignored@^12.1.4":
    version "12.1.4"
    resolved "https://registry.npmjs.org/@commitlint/is-ignored/-/is-ignored-12.1.4.tgz#4c430bc3b361aa9be5cd4ddb252c1559870ea7bc"
    integrity sha512-uTu2jQU2SKvtIRVLOzMQo3KxDtO+iJ1p0olmncwrqy4AfPLgwoyCP2CiULq5M7xpR3+dE3hBlZXbZTQbD7ycIw==
    dependencies:
      "@commitlint/types" "^12.1.4"
      semver "7.3.5"
  
  "@commitlint/lint@^12.1.4":
    version "12.1.4"
    resolved "https://registry.npmjs.org/@commitlint/lint/-/lint-12.1.4.tgz#856b7fd2b2e6367b836cb84a12f1c1b3c0e40d22"
    integrity sha512-1kZ8YDp4to47oIPFELUFGLiLumtPNKJigPFDuHt2+f3Q3IKdQ0uk53n3CPl4uoyso/Og/EZvb1mXjFR/Yce4cA==
    dependencies:
      "@commitlint/is-ignored" "^12.1.4"
      "@commitlint/parse" "^12.1.4"
      "@commitlint/rules" "^12.1.4"
      "@commitlint/types" "^12.1.4"
  
  "@commitlint/load@>6.1.1":
    version "16.2.3"
    resolved "https://registry.npmjs.org/@commitlint/load/-/load-16.2.3.tgz#7b2e85af25a6f736f080ba08e7165738cedf8c8f"
    integrity sha512-Hb4OUlMnBUK6UxJEZ/VJ5k0LocIS7PtEMbRXEAA7eSpOgORIFexC4K/RaRpVd5UTtu3M0ST3ddPPijF9rdW6nw==
    dependencies:
      "@commitlint/config-validator" "^16.2.1"
      "@commitlint/execute-rule" "^16.2.1"
      "@commitlint/resolve-extends" "^16.2.1"
      "@commitlint/types" "^16.2.1"
      "@types/node" ">=12"
      chalk "^4.0.0"
      cosmiconfig "^7.0.0"
      cosmiconfig-typescript-loader "^1.0.0"
      lodash "^4.17.19"
      resolve-from "^5.0.0"
      typescript "^4.4.3"
  
  "@commitlint/load@^12.1.4":
    version "12.1.4"
    resolved "https://registry.npmjs.org/@commitlint/load/-/load-12.1.4.tgz#e3c2dbc0e7d8d928f57a6878bd7219909fc0acab"
    integrity sha512-Keszi0IOjRzKfxT+qES/n+KZyLrxy79RQz8wWgssCboYjKEp+wC+fLCgbiMCYjI5k31CIzIOq/16J7Ycr0C0EA==
    dependencies:
      "@commitlint/execute-rule" "^12.1.4"
      "@commitlint/resolve-extends" "^12.1.4"
      "@commitlint/types" "^12.1.4"
      chalk "^4.0.0"
      cosmiconfig "^7.0.0"
      lodash "^4.17.19"
      resolve-from "^5.0.0"
  
  "@commitlint/message@^12.1.4":
    version "12.1.4"
    resolved "https://registry.npmjs.org/@commitlint/message/-/message-12.1.4.tgz#3895edcc0709deca5945f3d55f5ea95a9f1f446d"
    integrity sha512-6QhalEKsKQ/Y16/cTk5NH4iByz26fqws2ub+AinHPtM7Io0jy4e3rym9iE+TkEqiqWZlUigZnTwbPvRJeSUBaA==
  
  "@commitlint/parse@^12.1.4":
    version "12.1.4"
    resolved "https://registry.npmjs.org/@commitlint/parse/-/parse-12.1.4.tgz#ba03d54d24ef84f6fd2ff31c5e9998b22d7d0aa1"
    integrity sha512-yqKSAsK2V4X/HaLb/yYdrzs6oD/G48Ilt0EJ2Mp6RJeWYxG14w/Out6JrneWnr/cpzemyN5hExOg6+TB19H/Lw==
    dependencies:
      "@commitlint/types" "^12.1.4"
      conventional-changelog-angular "^5.0.11"
      conventional-commits-parser "^3.0.0"
  
  "@commitlint/read@^12.1.4":
    version "12.1.4"
    resolved "https://registry.npmjs.org/@commitlint/read/-/read-12.1.4.tgz#552fda42ef185d5b578beb6f626a5f8b282de3a6"
    integrity sha512-TnPQSJgD8Aod5Xeo9W4SaYKRZmIahukjcCWJ2s5zb3ZYSmj6C85YD9cR5vlRyrZjj78ItLUV/X4FMWWVIS38Jg==
    dependencies:
      "@commitlint/top-level" "^12.1.4"
      "@commitlint/types" "^12.1.4"
      fs-extra "^9.0.0"
      git-raw-commits "^2.0.0"
  
  "@commitlint/resolve-extends@^12.1.4":
    version "12.1.4"
    resolved "https://registry.npmjs.org/@commitlint/resolve-extends/-/resolve-extends-12.1.4.tgz#e758ed7dcdf942618b9f603a7c28a640f6a0802a"
    integrity sha512-R9CoUtsXLd6KSCfsZly04grsH6JVnWFmVtWgWs1KdDpdV+G3TSs37tColMFqglpkx3dsWu8dsPD56+D9YnJfqg==
    dependencies:
      import-fresh "^3.0.0"
      lodash "^4.17.19"
      resolve-from "^5.0.0"
      resolve-global "^1.0.0"
  
  "@commitlint/resolve-extends@^16.2.1":
    version "16.2.1"
    resolved "https://registry.npmjs.org/@commitlint/resolve-extends/-/resolve-extends-16.2.1.tgz#2f7833a5a3a7aa79f508e59fcb0f1d33c45ed360"
    integrity sha512-NbbCMPKTFf2J805kwfP9EO+vV+XvnaHRcBy6ud5dF35dxMsvdJqke54W3XazXF1ZAxC4a3LBy4i/GNVBAthsEg==
    dependencies:
      "@commitlint/config-validator" "^16.2.1"
      "@commitlint/types" "^16.2.1"
      import-fresh "^3.0.0"
      lodash "^4.17.19"
      resolve-from "^5.0.0"
      resolve-global "^1.0.0"
  
  "@commitlint/rules@^12.1.4":
    version "12.1.4"
    resolved "https://registry.npmjs.org/@commitlint/rules/-/rules-12.1.4.tgz#0e141b08caa3d7bdc48aa784baa8baff3efd64db"
    integrity sha512-W8m6ZSjg7RuIsIfzQiFHa48X5mcPXeKT9yjBxVmjHvYfS2FDBf1VxCQ7vO0JTVIdV4ohjZ0eKg/wxxUuZHJAZg==
    dependencies:
      "@commitlint/ensure" "^12.1.4"
      "@commitlint/message" "^12.1.4"
      "@commitlint/to-lines" "^12.1.4"
      "@commitlint/types" "^12.1.4"
  
  "@commitlint/to-lines@^12.1.4":
    version "12.1.4"
    resolved "https://registry.npmjs.org/@commitlint/to-lines/-/to-lines-12.1.4.tgz#caa582dbf121f377a0588bb64e25c4854843cd25"
    integrity sha512-TParumvbi8bdx3EdLXz2MaX+e15ZgoCqNUgqHsRLwyqLUTRbqCVkzrfadG1UcMQk8/d5aMbb327ZKG3Q4BRorw==
  
  "@commitlint/top-level@^12.1.4":
    version "12.1.4"
    resolved "https://registry.npmjs.org/@commitlint/top-level/-/top-level-12.1.4.tgz#96d5c715bfc1bdf86dfcf11b67fc2cf7658c7a6e"
    integrity sha512-d4lTJrOT/dXlpY+NIt4CUl77ciEzYeNVc0VFgUQ6VA+b1rqYD2/VWFjBlWVOrklxtSDeKyuEhs36RGrppEFAvg==
    dependencies:
      find-up "^5.0.0"
  
  "@commitlint/types@^12.1.4":
    version "12.1.4"
    resolved "https://registry.npmjs.org/@commitlint/types/-/types-12.1.4.tgz#9618a5dc8991fb58e6de6ed89d7bf712fa74ba7e"
    integrity sha512-KRIjdnWNUx6ywz+SJvjmNCbQKcKP6KArhjZhY2l+CWKxak0d77SOjggkMwFTiSgLODOwmuLTbarR2ZfWPiPMlw==
    dependencies:
      chalk "^4.0.0"
  
  "@commitlint/types@^16.2.1":
    version "16.2.1"
    resolved "https://registry.npmjs.org/@commitlint/types/-/types-16.2.1.tgz#f25d373b88b01e51fc3fa44488101361945a61bd"
    integrity sha512-7/z7pA7BM0i8XvMSBynO7xsB3mVQPUZbVn6zMIlp/a091XJ3qAXRXc+HwLYhiIdzzS5fuxxNIHZMGHVD4HJxdA==
    dependencies:
      chalk "^4.0.0"
  
  "@cspotcode/source-map-consumer@0.8.0":
    version "0.8.0"
    resolved "https://registry.npmjs.org/@cspotcode/source-map-consumer/-/source-map-consumer-0.8.0.tgz#33bf4b7b39c178821606f669bbc447a6a629786b"
    integrity sha512-41qniHzTU8yAGbCp04ohlmSrZf8bkf/iJsl3V0dRGsQN/5GFfx+LbCSsCpp2gqrqjTVg/K6O8ycoV35JIwAzAg==
  
  "@cspotcode/source-map-support@0.7.0":
    version "0.7.0"
    resolved "https://registry.npmjs.org/@cspotcode/source-map-support/-/source-map-support-0.7.0.tgz#4789840aa859e46d2f3173727ab707c66bf344f5"
    integrity sha512-X4xqRHqN8ACt2aHVe51OxeA2HjbcL4MqFqXkrmQszJ1NOUuUu5u6Vqx/0lZSVNku7velL5FC/s5uEAj1lsBMhA==
    dependencies:
      "@cspotcode/source-map-consumer" "0.8.0"
  
  "@ctrl/tinycolor@^3.4.1":
    version "3.4.1"
    resolved "https://registry.npmjs.org/@ctrl/tinycolor/-/tinycolor-3.4.1.tgz#75b4c27948c81e88ccd3a8902047bcd797f38d32"
    integrity sha512-ej5oVy6lykXsvieQtqZxCOaLT+xD4+QNarq78cIYISHmZXshCvROLudpQN3lfL8G0NL7plMSSK+zlyvCaIJ4Iw==
  
  "@element-plus/icons-vue@^1.1.4":
    version "1.1.4"
    resolved "https://registry.npmjs.org/@element-plus/icons-vue/-/icons-vue-1.1.4.tgz#5d2788ea356f1458068e6d400e724ca5f3d29aca"
    integrity sha512-Iz/nHqdp1sFPmdzRwHkEQQA3lKvoObk8azgABZ81QUOpW9s/lUyQVUSh0tNtEPZXQlKwlSh7SPgoVxzrE0uuVQ==
  
  "@eslint/eslintrc@^0.4.3":
    version "0.4.3"
    resolved "https://registry.npmjs.org/@eslint/eslintrc/-/eslintrc-0.4.3.tgz#9e42981ef035beb3dd49add17acb96e8ff6f394c"
    integrity sha512-J6KFFz5QCYUJq3pf0mjEcCJVERbzv71PUIDczuh9JkwGEzced6CO5ADLHB1rbf/+oPBtoPfMYNOpGDzCANlbXw==
    dependencies:
      ajv "^6.12.4"
      debug "^4.1.1"
      espree "^7.3.0"
      globals "^13.9.0"
      ignore "^4.0.6"
      import-fresh "^3.2.1"
      js-yaml "^3.13.1"
      minimatch "^3.0.4"
      strip-json-comments "^3.1.1"
  
  "@floating-ui/core@^0.6.2":
    version "0.6.2"
    resolved "https://registry.npmjs.org/@floating-ui/core/-/core-0.6.2.tgz#f2813f0e5f3d5ed7af5029e1a082203dadf02b7d"
    integrity sha512-jktYRmZwmau63adUG3GKOAVCofBXkk55S/zQ94XOorAHhwqFIOFAy1rSp2N0Wp6/tGbe9V3u/ExlGZypyY17rg==
  
  "@floating-ui/dom@^0.4.4":
    version "0.4.5"
    resolved "https://registry.npmjs.org/@floating-ui/dom/-/dom-0.4.5.tgz#2e88d16646119cc67d44683f75ee99840475bbfa"
    integrity sha512-b+prvQgJt8pieaKYMSJBXHxX/DYwdLsAWxKYqnO5dO2V4oo/TYBZJAUQCVNjTWWsrs6o4VDrNcP9+E70HAhJdw==
    dependencies:
      "@floating-ui/core" "^0.6.2"
  
  "@fullcalendar/common@~5.11.0":
    version "5.11.0"
    resolved "https://registry.npmjs.org/@fullcalendar/common/-/common-5.11.0.tgz#d7e47b4272ba6824f95581fb7fb630c5880f4212"
    integrity sha512-gWjbMAnN1u73Oqlgjbyky7i+3bY0hvFSnGT0YBPx44n874AkQa9e9OU12PMLTMOPy0tXPb8DEwRelFQ7CJNbcw==
    dependencies:
      tslib "^2.1.0"
  
  "@fullcalendar/core@~5.11.0":
    version "5.11.0"
    resolved "https://registry.npmjs.org/@fullcalendar/core/-/core-5.11.0.tgz#336fcfb9799cf0c2d1ee15c110dce26a9e14881c"
    integrity sha512-cF/d9LuJb/6xw14ms0urv1H4BiA70c4jrufe/EuVzLR6qTDpK92IZ3JK7GVtZtzptfTYZ/NQgDV9YCzIaO9Blw==
    dependencies:
      "@fullcalendar/common" "~5.11.0"
      preact "^10.0.5"
      tslib "^2.1.0"
  
  "@fullcalendar/vue3@^5.8.0":
    version "5.11.0"
    resolved "https://registry.npmjs.org/@fullcalendar/vue3/-/vue3-5.11.0.tgz#51b737e91aadab53a03162a8ade9f017429ba1cf"
    integrity sha512-vqRJRItEdIdtO+6B3/jNppF9dU1zkZVuEL+YiXmuqH3bwqrOH0xK5ALm7YfPJvZJq9TnrVI2HPaVl9D49Mxr7g==
    dependencies:
      "@fullcalendar/core" "~5.11.0"
      tslib "^2.1.0"
  
  "@humanwhocodes/config-array@^0.5.0":
    version "0.5.0"
    resolved "https://registry.npmjs.org/@humanwhocodes/config-array/-/config-array-0.5.0.tgz#1407967d4c6eecd7388f83acf1eaf4d0c6e58ef9"
    integrity sha512-FagtKFz74XrTl7y6HCzQpwDfXP0yhxe9lHLD1UZxjvZIcbyRz8zTFF/yYNfSfzU414eDwZ1SrO0Qvtyf+wFMQg==
    dependencies:
      "@humanwhocodes/object-schema" "^1.2.0"
      debug "^4.1.1"
      minimatch "^3.0.4"
  
  "@humanwhocodes/object-schema@^1.2.0":
    version "1.2.1"
    resolved "https://registry.npmjs.org/@humanwhocodes/object-schema/-/object-schema-1.2.1.tgz#b520529ec21d8e5945a1851dfd1c32e94e39ff45"
    integrity sha512-ZnQMnLV4e7hDlUvw8H+U8ASL02SS2Gn6+9Ac3wGGLIe7+je2AeAOxPY+izIPJDfFDb7eDjev0Us8MO1iFRN8hA==
  
  "@iconify-json/ep@^1.1.3":
    version "1.1.3"
    resolved "https://registry.npmjs.org/@iconify-json/ep/-/ep-1.1.3.tgz#88b6f9d3094b1184c65f4fa4c95c3cc74db2ee10"
    integrity sha512-i69QdJo01daSZZ9yIkaCCxpKcxnqZNwLZU+0joNqbD+MzNpQHFVTmBaIvT44oyCpjfy5eSHF1WJ7pV0vT/O+WQ==
    dependencies:
      "@iconify/types" "^1.0.12"
  
  "@iconify/types@^1.0.12", "@iconify/types@^1.1.0":
    version "1.1.0"
    resolved "https://registry.npmjs.org/@iconify/types/-/types-1.1.0.tgz#dc15fc988b1b3fd558dd140a24ede7e0aac11280"
    integrity sha512-Jh0llaK2LRXQoYsorIH8maClebsnzTcve+7U3rQUSnC11X4jtPnFuyatqFLvMxZ8MLG8dB4zfHsbPfuvxluONw==
  
  "@iconify/utils@^1.0.30":
    version "1.0.32"
    resolved "https://registry.npmjs.org/@iconify/utils/-/utils-1.0.32.tgz#ad6262478a27a4ff59f610a0c930710f3d7d970a"
    integrity sha512-m+rnw7qKHq/XF7DAi4BcFoEAcXBfqqMgQJh8brGEHeqE/RUvgDMjmxsHgWnVpFsG+VmjGyAiI7nwXdliCwEU0Q==
    dependencies:
      "@antfu/install-pkg" "^0.1.0"
      "@antfu/utils" "^0.5.0"
      "@iconify/types" "^1.1.0"
      debug "^4.3.4"
      kolorist "^1.5.1"
      local-pkg "^0.4.1"
  
  "@nodelib/fs.scandir@2.1.5":
    version "2.1.5"
    resolved "https://registry.npmjs.org/@nodelib/fs.scandir/-/fs.scandir-2.1.5.tgz#7619c2eb21b25483f6d167548b4cfd5a7488c3d5"
    integrity sha512-vq24Bq3ym5HEQm2NKCr3yXDwjc7vTsEThRDnkp2DK9p1uqLR+DHurm/NOTo0KG7HYHU7eppKZj3MyqYuMBf62g==
    dependencies:
      "@nodelib/fs.stat" "2.0.5"
      run-parallel "^1.1.9"
  
  "@nodelib/fs.stat@2.0.5", "@nodelib/fs.stat@^2.0.2":
    version "2.0.5"
    resolved "https://registry.npmjs.org/@nodelib/fs.stat/-/fs.stat-2.0.5.tgz#5bd262af94e9d25bd1e71b05deed44876a222e8b"
    integrity sha512-RkhPPp2zrqDAQA/2jNhnztcPAlv64XdhIp7a7454A5ovI7Bukxgt7MX7udwAu3zg1DcpPU0rz3VV1SeaqvY4+A==
  
  "@nodelib/fs.walk@^1.2.3":
    version "1.2.8"
    resolved "https://registry.npmjs.org/@nodelib/fs.walk/-/fs.walk-1.2.8.tgz#e95737e8bb6746ddedf69c556953494f196fe69a"
    integrity sha512-oGB+UxlgWcgQkgwo8GcEGwemoTFt3FIO9ababBmaGwXIoBKZ+GTy0pP185beGg7Llih/NSHSV2XAs1lnznocSg==
    dependencies:
      "@nodelib/fs.scandir" "2.1.5"
      fastq "^1.6.0"
  
  "@polka/url@^1.0.0-next.20":
    version "1.0.0-next.21"
    resolved "https://registry.npmjs.org/@polka/url/-/url-1.0.0-next.21.tgz#5de5a2385a35309427f6011992b544514d559aa1"
    integrity sha512-a5Sab1C4/icpTZVzZc5Ghpz88yQtGOyNqYXcZgOssB2uuAr+wF/MvN6bgtW32q7HHrvBki+BsZ0OuNv6EV3K9g==
  
  "@popperjs/core@^2.11.5":
    version "2.11.5"
    resolved "https://registry.npmjs.org/@popperjs/core/-/core-2.11.5.tgz#db5a11bf66bdab39569719555b0f76e138d7bd64"
    integrity sha512-9X2obfABZuDVLCgPK9aX0a/x4jaOEweTTWE2+9sr0Qqqevj2Uv5XorvusThmc9XGYpS9yI+fhh8RTafBtGposw==
  
  "@rollup/pluginutils@^4.2.0", "@rollup/pluginutils@^4.2.1":
    version "4.2.1"
    resolved "https://registry.npmjs.org/@rollup/pluginutils/-/pluginutils-4.2.1.tgz#e6c6c3aba0744edce3fb2074922d3776c0af2a6d"
    integrity sha512-iKnFXr7NkdZAIHiIWE+BX5ULi/ucVFYWD6TbAV+rZctiRTY2PL6tsIKhoIOaoskiWAkgu+VsbXgUVDNLHf+InQ==
    dependencies:
      estree-walker "^2.0.1"
      picomatch "^2.2.2"
  
  "@tsconfig/node10@^1.0.7":
    version "1.0.8"
    resolved "https://registry.npmjs.org/@tsconfig/node10/-/node10-1.0.8.tgz#c1e4e80d6f964fbecb3359c43bd48b40f7cadad9"
    integrity sha512-6XFfSQmMgq0CFLY1MslA/CPUfhIL919M1rMsa5lP2P097N2Wd1sSX0tx1u4olM16fLNhtHZpRhedZJphNJqmZg==
  
  "@tsconfig/node12@^1.0.7":
    version "1.0.9"
    resolved "https://registry.npmjs.org/@tsconfig/node12/-/node12-1.0.9.tgz#62c1f6dee2ebd9aead80dc3afa56810e58e1a04c"
    integrity sha512-/yBMcem+fbvhSREH+s14YJi18sp7J9jpuhYByADT2rypfajMZZN4WQ6zBGgBKp53NKmqI36wFYDb3yaMPurITw==
  
  "@tsconfig/node14@^1.0.0":
    version "1.0.1"
    resolved "https://registry.npmjs.org/@tsconfig/node14/-/node14-1.0.1.tgz#95f2d167ffb9b8d2068b0b235302fafd4df711f2"
    integrity sha512-509r2+yARFfHHE7T6Puu2jjkoycftovhXRqW328PDXTVGKihlb1P8Z9mMZH04ebyajfRY7dedfGynlrFHJUQCg==
  
  "@tsconfig/node16@^1.0.2":
    version "1.0.2"
    resolved "https://registry.npmjs.org/@tsconfig/node16/-/node16-1.0.2.tgz#423c77877d0569db20e1fc80885ac4118314010e"
    integrity sha512-eZxlbI8GZscaGS7kkc/trHTT5xgrjH3/1n2JDwusC9iahPKWMRvRjJSAN5mCXviuTGQ/lHnhvv8Q1YTpnfz9gA==
  
  "@types/axios@^0.14.0":
    version "0.14.0"
    resolved "https://registry.npmjs.org/@types/axios/-/axios-0.14.0.tgz#ec2300fbe7d7dddd7eb9d3abf87999964cafce46"
    integrity sha1-7CMA++fX3d1+udOr+HmZlkyvzkY=
    dependencies:
      axios "*"
  
  "@types/clipboard@^2.0.1":
    version "2.0.7"
    resolved "https://registry.npmjs.org/@types/clipboard/-/clipboard-2.0.7.tgz#db578ceec578947be2d603b003667ebdd5f274e1"
    integrity sha512-VwVFUHlneOsWfv/GaaY7Kwk4XasDqkAlyFQtsHxnOw0yyBYWTrlEXtmb9RtC+VFBCdtuOeIXECmELNd5RrKp/g==
    dependencies:
      clipboard "*"
  
  "@types/codemirror@^5.60.0":
    version "5.60.5"
    resolved "https://registry.npmjs.org/@types/codemirror/-/codemirror-5.60.5.tgz#5b989a3b4bbe657458cf372c92b6bfda6061a2b7"
    integrity sha512-TiECZmm8St5YxjFUp64LK0c8WU5bxMDt9YaAek1UqUb9swrSCoJhh92fWu1p3mTEqlHjhB5sY7OFBhWroJXZVg==
    dependencies:
      "@types/tern" "*"
  
  "@types/crypto-js@^4.1.1":
    version "4.1.1"
    resolved "https://registry.npmjs.org/@types/crypto-js/-/crypto-js-4.1.1.tgz#602859584cecc91894eb23a4892f38cfa927890d"
    integrity sha512-BG7fQKZ689HIoc5h+6D2Dgq1fABRa0RbBWKBd9SP/MVRVXROflpm5fhwyATX5duFmbStzyzyycPB8qUYKDH3NA==
  
  "@types/d3-geo@^3.0.0":
    version "3.0.2"
    resolved "https://registry.npmjs.org/@types/d3-geo/-/d3-geo-3.0.2.tgz#e7ec5f484c159b2c404c42d260e6d99d99f45d9a"
    integrity sha512-DbqK7MLYA8LpyHQfv6Klz0426bQEf7bRTvhMy44sNGVyZoWn//B0c+Qbeg8Osi2Obdc9BLLXYAKpyWege2/7LQ==
    dependencies:
      "@types/geojson" "*"
  
  "@types/d3-path@^1":
    version "1.0.9"
    resolved "https://registry.npmjs.org/@types/d3-path/-/d3-path-1.0.9.tgz#73526b150d14cd96e701597cbf346cfd1fd4a58c"
    integrity sha512-NaIeSIBiFgSC6IGUBjZWcscUJEq7vpVu7KthHN8eieTV9d9MqkSOZLH4chq1PmcKy06PNe3axLeKmRIyxJ+PZQ==
  
  "@types/d3-sankey@^0.11.1":
    version "0.11.2"
    resolved "https://registry.npmjs.org/@types/d3-sankey/-/d3-sankey-0.11.2.tgz#803214b11dc0a17db5d782fe9055cd92b06a5d75"
    integrity sha512-U6SrTWUERSlOhnpSrgvMX64WblX1AxX6nEjI2t3mLK2USpQrnbwYYK+AS9SwiE7wgYmOsSSKoSdr8aoKBH0HgQ==
    dependencies:
      "@types/d3-shape" "^1"
  
  "@types/d3-shape@^1":
    version "1.3.8"
    resolved "https://registry.npmjs.org/@types/d3-shape/-/d3-shape-1.3.8.tgz#c3c15ec7436b4ce24e38de517586850f1fea8e89"
    integrity sha512-gqfnMz6Fd5H6GOLYixOZP/xlrMtJms9BaS+6oWxTKHNqPGZ93BkWWupQSCYm6YHqx6h9wjRupuJb90bun6ZaYg==
    dependencies:
      "@types/d3-path" "^1"
  
  "@types/d3-timer@^2.0.0":
    version "2.0.1"
    resolved "https://registry.npmjs.org/@types/d3-timer/-/d3-timer-2.0.1.tgz#ffb6620d290624f3726aa362c0c8a4b44c8d7200"
    integrity sha512-TF8aoF5cHcLO7W7403blM7L1T+6NF3XMyN3fxyUolq2uOcFeicG/khQg/dGxiCJWoAcmYulYN7LYSRKO54IXaA==
  
  "@types/estree@*":
    version "0.0.51"
    resolved "https://registry.npmjs.org/@types/estree/-/estree-0.0.51.tgz#cfd70924a25a3fd32b218e5e420e6897e1ac4f40"
    integrity sha512-CuPgU6f3eT/XgKKPqKd/gLZV1Xmvf1a2R5POBOGQa6uv82xpls89HU5zKeVoyR8XzHd1RGNOlQlvUe3CFkjWNQ==
  
  "@types/geojson@*":
    version "7946.0.8"
    resolved "https://registry.npmjs.org/@types/geojson/-/geojson-7946.0.8.tgz#30744afdb385e2945e22f3b033f897f76b1f12ca"
    integrity sha512-1rkryxURpr6aWP7R786/UQOkJ3PcpQiWkAXBmdWc7ryFWqN6a4xfK7BtjXvFBKO9LjQ+MWQSWxYeZX1OApnArA==
  
  "@types/js-cookie@^2.2.6":
    version "2.2.7"
    resolved "https://registry.npmjs.org/@types/js-cookie/-/js-cookie-2.2.7.tgz#226a9e31680835a6188e887f3988e60c04d3f6a3"
    integrity sha512-aLkWa0C0vO5b4Sr798E26QgOkss68Un0bLjs7u9qxzPT5CG+8DuNTffWES58YzJs3hrVAOs1wonycqEBqNJubA==
  
  "@types/json-schema@^7.0.7":
    version "7.0.11"
    resolved "https://registry.npmjs.org/@types/json-schema/-/json-schema-7.0.11.tgz#d421b6c527a3037f7c84433fd2c4229e016863d3"
    integrity sha512-wOuvG1SN4Us4rez+tylwwwCV1psiNVOkJeM3AUWUNWg/jDQY2+HE/444y5gc+jBmRqASOm2Oeh5c1axHobwRKQ==
  
  "@types/json5@^0.0.29":
    version "0.0.29"
    resolved "https://registry.npmjs.org/@types/json5/-/json5-0.0.29.tgz#ee28707ae94e11d2b827bcbe5270bcea7f3e71ee"
    integrity sha1-7ihweulOEdK4J7y+UnC86n8+ce4=
  
  "@types/lodash-es@^4.17.6":
    version "4.17.6"
    resolved "https://registry.npmjs.org/@types/lodash-es/-/lodash-es-4.17.6.tgz#c2ed4c8320ffa6f11b43eb89e9eaeec65966a0a0"
    integrity sha512-R+zTeVUKDdfoRxpAryaQNRKk3105Rrgx2CFRClIgRGaqDTdjsm8h6IYA8ir584W3ePzkZfst5xIgDwYrlh9HLg==
    dependencies:
      "@types/lodash" "*"
  
  "@types/lodash@*", "@types/lodash@^4.14.178", "@types/lodash@^4.14.181":
    version "4.14.182"
    resolved "https://registry.npmjs.org/@types/lodash/-/lodash-4.14.182.tgz#05301a4d5e62963227eaafe0ce04dd77c54ea5c2"
    integrity sha512-/THyiqyQAP9AfARo4pF+aCGcyiQ94tX/Is2I7HofNRqoYLgN1PBoOWu2/zTA5zMxzP5EFutMtWtGAFRKUe961Q==
  
  "@types/minimist@^1.2.0":
    version "1.2.2"
    resolved "https://registry.npmjs.org/@types/minimist/-/minimist-1.2.2.tgz#ee771e2ba4b3dc5b372935d549fd9617bf345b8c"
    integrity sha512-jhuKLIRrhvCPLqwPcx6INqmKeiA5EWrsCOPhrlFSrbrmU4ZMPjj5Ul/oLCMDO98XRUIwVm78xICz4EPCektzeQ==
  
  "@types/node@>=12":
    version "17.0.25"
    resolved "https://registry.npmjs.org/@types/node/-/node-17.0.25.tgz#527051f3c2f77aa52e5dc74e45a3da5fb2301448"
    integrity sha512-wANk6fBrUwdpY4isjWrKTufkrXdu1D2YHCot2fD/DfWxF5sMrVSA+KN7ydckvaTCh0HiqX9IVl0L5/ZoXg5M7w==
  
  "@types/node@^15.0.1":
    version "15.14.9"
    resolved "https://registry.npmjs.org/@types/node/-/node-15.14.9.tgz#bc43c990c3c9be7281868bbc7b8fdd6e2b57adfa"
    integrity sha512-qjd88DrCxupx/kJD5yQgZdcYKZKSIGBVDIBE1/LTGcNm3d2Np/jxojkdePDdfnBHJc5W7vSMpbJ1aB7p/Py69A==
  
  "@types/normalize-package-data@^2.4.0":
    version "2.4.1"
    resolved "https://registry.npmjs.org/@types/normalize-package-data/-/normalize-package-data-2.4.1.tgz#d3357479a0fdfdd5907fe67e17e0a85c906e1301"
    integrity sha512-Gj7cI7z+98M282Tqmp2K5EIsoouUEzbBJhQQzDE3jSIRk6r9gsz0oUokqIUR4u1R3dMHo0pDHM7sNOHyhulypw==
  
  "@types/numeral@^2.0.2":
    version "2.0.2"
    resolved "https://registry.npmjs.org/@types/numeral/-/numeral-2.0.2.tgz#8ea2c4f4e64c0cc948ad7da375f6f827778a7912"
    integrity sha512-A8F30k2gYJ/6e07spSCPpkuZu79LCnkPTvqmIWQzNGcrzwFKpVOydG41lNt5wZXjSI149qjyzC2L1+F2PD/NUA==
  
  "@types/parse-json@^4.0.0":
    version "4.0.0"
    resolved "https://registry.npmjs.org/@types/parse-json/-/parse-json-4.0.0.tgz#2f8bb441434d163b35fb8ffdccd7138927ffb8c0"
    integrity sha512-//oorEZjL6sbPcKUaCdIGlIUeH26mgzimjBB77G6XRgnDl/L5wOnpyBGRe/Mmf5CVW3PwEBE1NjiMZ/ssFh4wA==
  
  "@types/qs@^6.9.7":
    version "6.9.7"
    resolved "https://registry.npmjs.org/@types/qs/-/qs-6.9.7.tgz#63bb7d067db107cc1e457c303bc25d511febf6cb"
    integrity sha512-FGa1F62FT09qcrueBA6qYTrJPVDzah9a+493+o2PCXsesWHIn27G98TsSMs3WPNbZIEj4+VJf6saSFpvD+3Zsw==
  
  "@types/tern@*":
    version "0.23.4"
    resolved "https://registry.npmjs.org/@types/tern/-/tern-0.23.4.tgz#03926eb13dbeaf3ae0d390caf706b2643a0127fb"
    integrity sha512-JAUw1iXGO1qaWwEOzxTKJZ/5JxVeON9kvGZ/osgZaJImBnyjyn0cjovPsf6FNLmyGY8Vw9DoXZCMlfMkMwHRWg==
    dependencies:
      "@types/estree" "*"
  
  "@types/vue-cropperjs@^4.1.1":
    version "4.1.2"
    resolved "https://registry.npmjs.org/@types/vue-cropperjs/-/vue-cropperjs-4.1.2.tgz#29604e878f3b2063f03de53a1248869bdec6c307"
    integrity sha512-w+I4SFQvpLM2H3n+pXq9b1Y6mENcoOQ+UvQTRlfeOFe9+cyEmfP7FMwCmUvA+83GPhu/+1F8Ik0/wURv7Dop7Q==
    dependencies:
      vue "^2.0.0"
  
  "@typescript-eslint/eslint-plugin@^4.22.0":
    version "4.33.0"
    resolved "https://registry.npmjs.org/@typescript-eslint/eslint-plugin/-/eslint-plugin-4.33.0.tgz#c24dc7c8069c7706bc40d99f6fa87edcb2005276"
    integrity sha512-aINiAxGVdOl1eJyVjaWn/YcVAq4Gi/Yo35qHGCnqbWVz61g39D0h23veY/MA0rFFGfxK7TySg2uwDeNv+JgVpg==
    dependencies:
      "@typescript-eslint/experimental-utils" "4.33.0"
      "@typescript-eslint/scope-manager" "4.33.0"
      debug "^4.3.1"
      functional-red-black-tree "^1.0.1"
      ignore "^5.1.8"
      regexpp "^3.1.0"
      semver "^7.3.5"
      tsutils "^3.21.0"
  
  "@typescript-eslint/experimental-utils@4.33.0":
    version "4.33.0"
    resolved "https://registry.npmjs.org/@typescript-eslint/experimental-utils/-/experimental-utils-4.33.0.tgz#6f2a786a4209fa2222989e9380b5331b2810f7fd"
    integrity sha512-zeQjOoES5JFjTnAhI5QY7ZviczMzDptls15GFsI6jyUOq0kOf9+WonkhtlIhh0RgHRnqj5gdNxW5j1EvAyYg6Q==
    dependencies:
      "@types/json-schema" "^7.0.7"
      "@typescript-eslint/scope-manager" "4.33.0"
      "@typescript-eslint/types" "4.33.0"
      "@typescript-eslint/typescript-estree" "4.33.0"
      eslint-scope "^5.1.1"
      eslint-utils "^3.0.0"
  
  "@typescript-eslint/parser@^4.22.0":
    version "4.33.0"
    resolved "https://registry.npmjs.org/@typescript-eslint/parser/-/parser-4.33.0.tgz#dfe797570d9694e560528d18eecad86c8c744899"
    integrity sha512-ZohdsbXadjGBSK0/r+d87X0SBmKzOq4/S5nzK6SBgJspFo9/CUDJ7hjayuze+JK7CZQLDMroqytp7pOcFKTxZA==
    dependencies:
      "@typescript-eslint/scope-manager" "4.33.0"
      "@typescript-eslint/types" "4.33.0"
      "@typescript-eslint/typescript-estree" "4.33.0"
      debug "^4.3.1"
  
  "@typescript-eslint/scope-manager@4.33.0":
    version "4.33.0"
    resolved "https://registry.npmjs.org/@typescript-eslint/scope-manager/-/scope-manager-4.33.0.tgz#d38e49280d983e8772e29121cf8c6e9221f280a3"
    integrity sha512-5IfJHpgTsTZuONKbODctL4kKuQje/bzBRkwHE8UOZ4f89Zeddg+EGZs8PD8NcN4LdM3ygHWYB3ukPAYjvl/qbQ==
    dependencies:
      "@typescript-eslint/types" "4.33.0"
      "@typescript-eslint/visitor-keys" "4.33.0"
  
  "@typescript-eslint/types@4.33.0":
    version "4.33.0"
    resolved "https://registry.npmjs.org/@typescript-eslint/types/-/types-4.33.0.tgz#a1e59036a3b53ae8430ceebf2a919dc7f9af6d72"
    integrity sha512-zKp7CjQzLQImXEpLt2BUw1tvOMPfNoTAfb8l51evhYbOEEzdWyQNmHWWGPR6hwKJDAi+1VXSBmnhL9kyVTTOuQ==
  
  "@typescript-eslint/typescript-estree@4.33.0":
    version "4.33.0"
    resolved "https://registry.npmjs.org/@typescript-eslint/typescript-estree/-/typescript-estree-4.33.0.tgz#0dfb51c2908f68c5c08d82aefeaf166a17c24609"
    integrity sha512-rkWRY1MPFzjwnEVHsxGemDzqqddw2QbTJlICPD9p9I9LfsO8fdmfQPOX3uKfUaGRDFJbfrtm/sXhVXN4E+bzCA==
    dependencies:
      "@typescript-eslint/types" "4.33.0"
      "@typescript-eslint/visitor-keys" "4.33.0"
      debug "^4.3.1"
      globby "^11.0.3"
      is-glob "^4.0.1"
      semver "^7.3.5"
      tsutils "^3.21.0"
  
  "@typescript-eslint/visitor-keys@4.33.0":
    version "4.33.0"
    resolved "https://registry.npmjs.org/@typescript-eslint/visitor-keys/-/visitor-keys-4.33.0.tgz#2a22f77a41604289b7a186586e9ec48ca92ef1dd"
    integrity sha512-uqi/2aSz9g2ftcHWf8uLPJA70rUv6yuMW5Bohw+bwcuzaxQIHaKFZCKGoGXIrc9vkTJ3+0txM73K0Hq3d5wgIg==
    dependencies:
      "@typescript-eslint/types" "4.33.0"
      eslint-visitor-keys "^2.0.0"
  
  "@vitejs/plugin-legacy@^1.4.3":
    version "1.8.1"
    resolved "https://registry.npmjs.org/@vitejs/plugin-legacy/-/plugin-legacy-1.8.1.tgz#9431a983f950b4343d5b80a1916f25cc03d6b9c4"
    integrity sha512-kmBWKq7EeNvzS4AqPBqUKdoWG/NYQXh7StUFMWR3D21aN5Mfmar7CTO2a7K+bBxJH/vAL9gnnueA0wb7cycCmQ==
    dependencies:
      "@babel/standalone" "^7.17.9"
      core-js "^3.21.1"
      magic-string "^0.26.1"
      regenerator-runtime "^0.13.9"
      systemjs "^6.12.1"
  
  "@vitejs/plugin-vue@^1.2.1":
    version "1.10.2"
    resolved "https://registry.npmjs.org/@vitejs/plugin-vue/-/plugin-vue-1.10.2.tgz#d718479e2789d8a94b63e00f23f1898ba239253a"
    integrity sha512-/QJ0Z9qfhAFtKRY+r57ziY4BSbGUTGsPRMpB/Ron3QPwBZM4OZAZHdTa4a8PafCwU5DTatXG8TMDoP8z+oDqJw==
  
  "@vue/compiler-core@3.2.33":
    version "3.2.33"
    resolved "https://registry.npmjs.org/@vue/compiler-core/-/compiler-core-3.2.33.tgz#e915d59cce85898f5c5cfebe4c09e539278c3d59"
    integrity sha512-AAmr52ji3Zhk7IKIuigX2osWWsb2nQE5xsdFYjdnmtQ4gymmqXbjLvkSE174+fF3A3kstYrTgGkqgOEbsdLDpw==
    dependencies:
      "@babel/parser" "^7.16.4"
      "@vue/shared" "3.2.33"
      estree-walker "^2.0.2"
      source-map "^0.6.1"
  
  "@vue/compiler-dom@3.2.33":
    version "3.2.33"
    resolved "https://registry.npmjs.org/@vue/compiler-dom/-/compiler-dom-3.2.33.tgz#6db84296f949f18e5d3e7fd5e80f943dbed7d5ec"
    integrity sha512-GhiG1C8X98Xz9QUX/RlA6/kgPBWJkjq0Rq6//5XTAGSYrTMBgcLpP9+CnlUg1TFxnnCVughAG+KZl28XJqw8uQ==
    dependencies:
      "@vue/compiler-core" "3.2.33"
      "@vue/shared" "3.2.33"
  
  "@vue/compiler-sfc@3.2.33", "@vue/compiler-sfc@^3.0.5":
    version "3.2.33"
    resolved "https://registry.npmjs.org/@vue/compiler-sfc/-/compiler-sfc-3.2.33.tgz#7ce01dc947a8b76c099811dc6ca58494d4dc773d"
    integrity sha512-H8D0WqagCr295pQjUYyO8P3IejM3vEzeCO1apzByAEaAR/WimhMYczHfZVvlCE/9yBaEu/eu9RdiWr0kF8b71Q==
    dependencies:
      "@babel/parser" "^7.16.4"
      "@vue/compiler-core" "3.2.33"
      "@vue/compiler-dom" "3.2.33"
      "@vue/compiler-ssr" "3.2.33"
      "@vue/reactivity-transform" "3.2.33"
      "@vue/shared" "3.2.33"
      estree-walker "^2.0.2"
      magic-string "^0.25.7"
      postcss "^8.1.10"
      source-map "^0.6.1"
  
  "@vue/compiler-ssr@3.2.33":
    version "3.2.33"
    resolved "https://registry.npmjs.org/@vue/compiler-ssr/-/compiler-ssr-3.2.33.tgz#3e820267e4eea48fde9519f006dedca3f5e42e71"
    integrity sha512-XQh1Xdk3VquDpXsnoCd7JnMoWec9CfAzQDQsaMcSU79OrrO2PNR0ErlIjm/mGq3GmBfkQjzZACV+7GhfRB8xMQ==
    dependencies:
      "@vue/compiler-dom" "3.2.33"
      "@vue/shared" "3.2.33"
  
  "@vue/devtools-api@^6.0.0", "@vue/devtools-api@^6.0.0-beta.11":
    version "6.1.4"
    resolved "https://registry.npmjs.org/@vue/devtools-api/-/devtools-api-6.1.4.tgz#b4aec2f4b4599e11ba774a50c67fa378c9824e53"
    integrity sha512-IiA0SvDrJEgXvVxjNkHPFfDx6SXw0b/TUkqMcDZWNg9fnCAHbTpoo59YfJ9QLFkwa3raau5vSlRVzMSLDnfdtQ==
  
  "@vue/reactivity-transform@3.2.33":
    version "3.2.33"
    resolved "https://registry.npmjs.org/@vue/reactivity-transform/-/reactivity-transform-3.2.33.tgz#286063f44ca56150ae9b52f8346a26e5913fa699"
    integrity sha512-4UL5KOIvSQb254aqenW4q34qMXbfZcmEsV/yVidLUgvwYQQ/D21bGX3DlgPUGI3c4C+iOnNmDCkIxkILoX/Pyw==
    dependencies:
      "@babel/parser" "^7.16.4"
      "@vue/compiler-core" "3.2.33"
      "@vue/shared" "3.2.33"
      estree-walker "^2.0.2"
      magic-string "^0.25.7"
  
  "@vue/reactivity@3.2.33":
    version "3.2.33"
    resolved "https://registry.npmjs.org/@vue/reactivity/-/reactivity-3.2.33.tgz#c84eedb5225138dbfc2472864c151d3efbb4b673"
    integrity sha512-62Sq0mp9/0bLmDuxuLD5CIaMG2susFAGARLuZ/5jkU1FCf9EDbwUuF+BO8Ub3Rbodx0ziIecM/NsmyjardBxfQ==
    dependencies:
      "@vue/shared" "3.2.33"
  
  "@vue/runtime-core@3.2.33":
    version "3.2.33"
    resolved "https://registry.npmjs.org/@vue/runtime-core/-/runtime-core-3.2.33.tgz#2df8907c85c37c3419fbd1bdf1a2df097fa40df2"
    integrity sha512-N2D2vfaXsBPhzCV3JsXQa2NECjxP3eXgZlFqKh4tgakp3iX6LCGv76DLlc+IfFZq+TW10Y8QUfeihXOupJ1dGw==
    dependencies:
      "@vue/reactivity" "3.2.33"
      "@vue/shared" "3.2.33"
  
  "@vue/runtime-dom@3.2.33":
    version "3.2.33"
    resolved "https://registry.npmjs.org/@vue/runtime-dom/-/runtime-dom-3.2.33.tgz#123b8969247029ea0d9c1983676d4706a962d848"
    integrity sha512-LSrJ6W7CZTSUygX5s8aFkraDWlO6K4geOwA3quFF2O+hC3QuAMZt/0Xb7JKE3C4JD4pFwCSO7oCrZmZ0BIJUnw==
    dependencies:
      "@vue/runtime-core" "3.2.33"
      "@vue/shared" "3.2.33"
      csstype "^2.6.8"
  
  "@vue/server-renderer@3.2.33":
    version "3.2.33"
    resolved "https://registry.npmjs.org/@vue/server-renderer/-/server-renderer-3.2.33.tgz#4b45d6d2ae10ea4e3d2cf8e676804cf60f331979"
    integrity sha512-4jpJHRD4ORv8PlbYi+/MfP8ec1okz6rybe36MdpkDrGIdEItHEUyaHSKvz+ptNEyQpALmmVfRteHkU9F8vxOew==
    dependencies:
      "@vue/compiler-ssr" "3.2.33"
      "@vue/shared" "3.2.33"
  
  "@vue/shared@3.2.33":
    version "3.2.33"
    resolved "https://registry.npmjs.org/@vue/shared/-/shared-3.2.33.tgz#69a8c99ceb37c1b031d5cc4aec2ff1dc77e1161e"
    integrity sha512-UBc1Pg1T3yZ97vsA2ueER0F6GbJebLHYlEi4ou1H5YL4KWvMOOWwpYo9/QpWq93wxKG6Wo13IY74Hcn/f7c7Bg==
  
  "@vueuse/core@^8.2.5":
    version "8.3.1"
    resolved "https://registry.npmjs.org/@vueuse/core/-/core-8.3.1.tgz#7f2c5977cc0690a803f44c3f5c291536ad7880d1"
    integrity sha512-WiXUgVyPG9elGx3G8UV8g+zqbEJ2hYacrPICogAxDdW6hnxxcUFdF7FtvDroJ/DxWmo2pg8XNNz07ybfnZyJbw==
    dependencies:
      "@vueuse/metadata" "8.3.1"
      "@vueuse/shared" "8.3.1"
      vue-demi "*"
  
  "@vueuse/metadata@8.3.1":
    version "8.3.1"
    resolved "https://registry.npmjs.org/@vueuse/metadata/-/metadata-8.3.1.tgz#acc0ff9ad686c68dfc7b4869639c43e71ae2682b"
    integrity sha512-1aZaFL44HzXXkfN6Q7KMDOXBFKTHDClHlOJBxtN8rTBXIIScoGOrJCpxWiQ4kuVg95MzG/pHrd3P4wd8poL9XQ==
  
  "@vueuse/shared@8.3.1":
    version "8.3.1"
    resolved "https://registry.npmjs.org/@vueuse/shared/-/shared-8.3.1.tgz#a941ef6a0eaf483ecb0e88a062163d506c22cc4b"
    integrity sha512-7HKLCcxp4dtONq6QSSoavblo9riYgqzw7jhqiC0/VUYMXKzqj1G/GznOzTmY8Wi8uKKT197JqjKQ1DKt2j/0+A==
    dependencies:
      vue-demi "*"
  
  JSONStream@^1.0.4:
    version "1.3.5"
    resolved "https://registry.npmjs.org/JSONStream/-/JSONStream-1.3.5.tgz#3208c1f08d3a4d99261ab64f92302bc15e111ca0"
    integrity sha512-E+iruNOY8VV9s4JEbe1aNEm6MiszPRr/UfcHMz0TQh1BXSxHK+ASV1R6W4HpjBhSeS+54PIsAMCBmwD06LLsqQ==
    dependencies:
      jsonparse "^1.2.0"
      through ">=2.2.7 <3"
  
  abs-svg-path@~0.1.1:
    version "0.1.1"
    resolved "https://registry.npmjs.org/abs-svg-path/-/abs-svg-path-0.1.1.tgz#df601c8e8d2ba10d4a76d625e236a9a39c2723bf"
    integrity sha1-32Acjo0roQ1KdtYl4japo5wnI78=
  
  acorn-jsx@^5.2.0, acorn-jsx@^5.3.1:
    version "5.3.2"
    resolved "https://registry.npmjs.org/acorn-jsx/-/acorn-jsx-5.3.2.tgz#7ed5bb55908b3b2f1bc55c6af1653bada7f07937"
    integrity sha512-rq9s+JNhf0IChjtDXxllJ7g41oZk5SlXtp0LHwyA5cejwn7vKmKp4pPri6YEePv2PU65sAsegbXtIinmDFDXgQ==
  
  acorn-walk@^8.1.1:
    version "8.2.0"
    resolved "https://registry.npmjs.org/acorn-walk/-/acorn-walk-8.2.0.tgz#741210f2e2426454508853a2f44d0ab83b7f69c1"
    integrity sha512-k+iyHEuPgSw6SbuDpGQM+06HQUa04DZ3o+F6CSzXMvvI5KMvnaEqXe+YVe555R9nn6GPt404fos4wcgpw12SDA==
  
  acorn@^7.1.1, acorn@^7.4.0:
    version "7.4.1"
    resolved "https://registry.npmjs.org/acorn/-/acorn-7.4.1.tgz#feaed255973d2e77555b83dbc08851a6c63520fa"
    integrity sha512-nQyp0o1/mNdbTO1PO6kHkwSrmgZ0MT/jCCpNiwbUjGoRN4dlBhqJtoQuCnEOKzgTVwg0ZWiCoQy6SxMebQVh8A==
  
  acorn@^8.4.1:
    version "8.7.0"
    resolved "https://registry.npmjs.org/acorn/-/acorn-8.7.0.tgz#90951fde0f8f09df93549481e5fc141445b791cf"
    integrity sha512-V/LGr1APy+PXIwKebEWrkZPwoeoF+w1jiOBUmuxuiUIaOHtob8Qc9BTrYo7VuI5fR8tqsy+buA2WFooR5olqvQ==
  
  adler-32@~1.2.0:
    version "1.2.0"
    resolved "https://registry.npmjs.org/adler-32/-/adler-32-1.2.0.tgz#6a3e6bf0a63900ba15652808cb15c6813d1a5f25"
    integrity sha1-aj5r8KY5ALoVZSgIyxXGgT0aXyU=
    dependencies:
      exit-on-epipe "~1.0.1"
      printj "~1.1.0"
  
  adler-32@~1.3.0:
    version "1.3.1"
    resolved "https://registry.npmjs.org/adler-32/-/adler-32-1.3.1.tgz#1dbf0b36dda0012189a32b3679061932df1821e2"
    integrity sha512-ynZ4w/nUUv5rrsR8UUGoe1VC9hZj6V5hU9Qw1HlMDJGEJw5S7TfTErWTjMys6M7vr0YWcPqs3qAr4ss0nDfP+A==
  
  aggregate-error@^3.0.0:
    version "3.1.0"
    resolved "https://registry.npmjs.org/aggregate-error/-/aggregate-error-3.1.0.tgz#92670ff50f5359bdb7a3e0d40d0ec30c5737687a"
    integrity sha512-4I7Td01quW/RpocfNayFdFVk1qSuoh0E7JrbRJ16nH01HhKFQ88INq9Sd+nd72zqRySlr9BmDA8xlEJ6vJMrYA==
    dependencies:
      clean-stack "^2.0.0"
      indent-string "^4.0.0"
  
  ajv@^6.10.0, ajv@^6.12.4, ajv@^6.12.6:
    version "6.12.6"
    resolved "https://registry.npmjs.org/ajv/-/ajv-6.12.6.tgz#baf5a62e802b07d977034586f8c3baf5adf26df4"
    integrity sha512-j3fVLgvTo527anyYyJOGTYJbG+vnnQYvE0m5mmkc1TK+nxAppkCLMIL0aZ4dblVCNoGShhm+kzE4ZUykBoMg4g==
    dependencies:
      fast-deep-equal "^3.1.1"
      fast-json-stable-stringify "^2.0.0"
      json-schema-traverse "^0.4.1"
      uri-js "^4.2.2"
  
  ajv@^8.0.1:
    version "8.11.0"
    resolved "https://registry.npmjs.org/ajv/-/ajv-8.11.0.tgz#977e91dd96ca669f54a11e23e378e33b884a565f"
    integrity sha512-wGgprdCvMalC0BztXvitD2hC04YffAvtsUn93JbGXYLAtCUO4xd17mCCZQxUOItiBwZvJScWo8NIvQMQ71rdpg==
    dependencies:
      fast-deep-equal "^3.1.1"
      json-schema-traverse "^1.0.0"
      require-from-string "^2.0.2"
      uri-js "^4.2.2"
  
  align-text@^0.1.1, align-text@^0.1.3:
    version "0.1.4"
    resolved "https://registry.npmjs.org/align-text/-/align-text-0.1.4.tgz#0cd90a561093f35d0a99256c22b7069433fad117"
    integrity sha1-DNkKVhCT810KmSVsIrcGlDP60Rc=
    dependencies:
      kind-of "^3.0.2"
      longest "^1.0.1"
      repeat-string "^1.5.2"
  
  amdefine@>=0.0.4:
    version "1.0.1"
    resolved "https://registry.npmjs.org/amdefine/-/amdefine-1.0.1.tgz#4a5282ac164729e93619bcfd3ad151f817ce91f5"
    integrity sha1-SlKCrBZHKek2Gbz9OtFR+BfOkfU=
  
  ansi-colors@^4.1.1:
    version "4.1.1"
    resolved "https://registry.npmjs.org/ansi-colors/-/ansi-colors-4.1.1.tgz#cbb9ae256bf750af1eab344f229aa27fe94ba348"
    integrity sha512-JoX0apGbHaUJBNl6yF+p6JAFYZ666/hhCGKN5t9QFjbJQKUU/g8MNbFDbvfrgKXvI1QpZplPOnwIo99lX/AAmA==
  
  ansi-escapes@^3.2.0:
    version "3.2.0"
    resolved "https://registry.npmjs.org/ansi-escapes/-/ansi-escapes-3.2.0.tgz#8780b98ff9dbf5638152d1f1fe5c1d7b4442976b"
    integrity sha512-cBhpre4ma+U0T1oM5fXg7Dy1Jw7zzwv7lt/GoCpr+hDQJoYnKVPLL4dCvSEFMmQurOQvSrwT7SL/DAlhBI97RQ==
  
  ansi-escapes@^4.3.0:
    version "4.3.2"
    resolved "https://registry.npmjs.org/ansi-escapes/-/ansi-escapes-4.3.2.tgz#6b2291d1db7d98b6521d5f1efa42d0f3a9feb65e"
    integrity sha512-gKXj5ALrKWQLsYG9jlTRmR/xKluxHV+Z9QEwNIgCfM1/uwPMCuzVVnh5mwTd+OuBZcwSIMbqssNWRm1lE51QaQ==
    dependencies:
      type-fest "^0.21.3"
  
  ansi-regex@^2.0.0:
    version "2.1.1"
    resolved "https://registry.npmjs.org/ansi-regex/-/ansi-regex-2.1.1.tgz#c3b33ab5ee360d86e0e628f0468ae7ef27d654df"
    integrity sha1-w7M6te42DYbg5ijwRorn7yfWVN8=
  
  ansi-regex@^3.0.0:
    version "3.0.1"
    resolved "https://registry.npmjs.org/ansi-regex/-/ansi-regex-3.0.1.tgz#123d6479e92ad45ad897d4054e3c7ca7db4944e1"
    integrity sha512-+O9Jct8wf++lXxxFc4hc8LsjaSq0HFzzL7cVsw8pRDIPdjKD2mT4ytDZlLuSBZ4cLKZFXIrMGO7DbQCtMJJMKw==
  
  ansi-regex@^4.1.0:
    version "4.1.1"
    resolved "https://registry.npmjs.org/ansi-regex/-/ansi-regex-4.1.1.tgz#164daac87ab2d6f6db3a29875e2d1766582dabed"
    integrity sha512-ILlv4k/3f6vfQ4OoP2AGvirOktlQ98ZEL1k9FaQjxa3L1abBgbuTDAdPOpvbGncC0BTVQrl+OM8xZGK6tWXt7g==
  
  ansi-regex@^5.0.1:
    version "5.0.1"
    resolved "https://registry.npmjs.org/ansi-regex/-/ansi-regex-5.0.1.tgz#082cb2c89c9fe8659a311a53bd6a4dc5301db304"
    integrity sha512-quJQXlTSUGL2LH9SUXo8VwsY4soanhgo6LNSm84E1LBcE8s3O0wpdiRzyR9z/ZZJMlMWv37qOOb9pdJlMUEKFQ==
  
  ansi-styles@^2.2.1:
    version "2.2.1"
    resolved "https://registry.npmjs.org/ansi-styles/-/ansi-styles-2.2.1.tgz#b432dd3358b634cf75e1e4664368240533c1ddbe"
    integrity sha1-tDLdM1i2NM914eRmQ2gkBTPB3b4=
  
  ansi-styles@^3.2.1:
    version "3.2.1"
    resolved "https://registry.npmjs.org/ansi-styles/-/ansi-styles-3.2.1.tgz#41fbb20243e50b12be0f04b8dedbf07520ce841d"
    integrity sha512-VT0ZI6kZRdTh8YyJw3SMbYm/u+NqfsAxEpWO0Pf9sq8/e94WxxOpPKx9FR1FlyCtOVDNOQ+8ntlqFxiRc+r5qA==
    dependencies:
      color-convert "^1.9.0"
  
  ansi-styles@^4.0.0, ansi-styles@^4.1.0:
    version "4.3.0"
    resolved "https://registry.npmjs.org/ansi-styles/-/ansi-styles-4.3.0.tgz#edd803628ae71c04c85ae7a0906edad34b648937"
    integrity sha512-zbB9rCJAT1rbjiVDb2hqKFHNYLxgtk8NURxZ3IZwD3F6NtxbXZQCnnSi1Lkx+IDohdPlFp222wVALIheZJQSEg==
    dependencies:
      color-convert "^2.0.1"
  
  anymatch@~3.1.2:
    version "3.1.2"
    resolved "https://registry.npmjs.org/anymatch/-/anymatch-3.1.2.tgz#c0557c096af32f106198f4f4e2a383537e378716"
    integrity sha512-P43ePfOAIupkguHUycrc4qJ9kz8ZiuOUijaETwX7THt0Y/GNK7v0aa8rY816xWjZ7rJdA5XdMcpVFTKMq+RvWg==
    dependencies:
      normalize-path "^3.0.0"
      picomatch "^2.0.4"
  
  arg@^4.1.0:
    version "4.1.3"
    resolved "https://registry.npmjs.org/arg/-/arg-4.1.3.tgz#269fc7ad5b8e42cb63c896d5666017261c144089"
    integrity sha512-58S9QDqG0Xx27YwPSt9fJxivjYl432YCwfDMfZ+71RAqUrZef7LrKQZ3LHLOwCS4FLNBplP533Zx895SeOCHvA==
  
  argparse@^1.0.7:
    version "1.0.10"
    resolved "https://registry.npmjs.org/argparse/-/argparse-1.0.10.tgz#bcd6791ea5ae09725e17e5ad988134cd40b3d911"
    integrity sha512-o5Roy6tNG4SL/FOkCAN6RzjiakZS25RLYFrcMttJqbdd8BWrnA+fGz57iN5Pb06pvBGvl5gQ0B48dJlslXvoTg==
    dependencies:
      sprintf-js "~1.0.2"
  
  array-ify@^1.0.0:
    version "1.0.0"
    resolved "https://registry.npmjs.org/array-ify/-/array-ify-1.0.0.tgz#9e528762b4a9066ad163a6962a364418e9626ece"
    integrity sha1-nlKHYrSpBmrRY6aWKjZEGOlibs4=
  
  array-includes@^3.1.4:
    version "3.1.4"
    resolved "https://registry.npmjs.org/array-includes/-/array-includes-3.1.4.tgz#f5b493162c760f3539631f005ba2bb46acb45ba9"
    integrity sha512-ZTNSQkmWumEbiHO2GF4GmWxYVTiQyJy2XOTa15sdQSrvKn7l+180egQMqlrMOUMCyLMD7pmyQe4mMDUT6Behrw==
    dependencies:
      call-bind "^1.0.2"
      define-properties "^1.1.3"
      es-abstract "^1.19.1"
      get-intrinsic "^1.1.1"
      is-string "^1.0.7"
  
  array-union@^2.1.0:
    version "2.1.0"
    resolved "https://registry.npmjs.org/array-union/-/array-union-2.1.0.tgz#b798420adbeb1de828d84acd8a2e23d3efe85e8d"
    integrity sha512-HGyxoOTYUyCM6stUe6EJgnd4EoewAI7zMdfqO+kGjnlZmBDz/cR5pf8r/cR4Wq60sL/p0IkcjUEEPwS3GFrIyw==
  
  array.prototype.flat@^1.2.5:
    version "1.3.0"
    resolved "https://registry.npmjs.org/array.prototype.flat/-/array.prototype.flat-1.3.0.tgz#0b0c1567bf57b38b56b4c97b8aa72ab45e4adc7b"
    integrity sha512-12IUEkHsAhA4DY5s0FPgNXIdc8VRSqD9Zp78a5au9abH/SOBrsp082JOWFNTjkMozh8mqcdiKuaLGhPeYztxSw==
    dependencies:
      call-bind "^1.0.2"
      define-properties "^1.1.3"
      es-abstract "^1.19.2"
      es-shim-unscopables "^1.0.0"
  
  arrify@^1.0.1:
    version "1.0.1"
    resolved "https://registry.npmjs.org/arrify/-/arrify-1.0.1.tgz#898508da2226f380df904728456849c1501a4b0d"
    integrity sha1-iYUI2iIm84DfkEcoRWhJwVAaSw0=
  
  astral-regex@^2.0.0:
    version "2.0.0"
    resolved "https://registry.npmjs.org/astral-regex/-/astral-regex-2.0.0.tgz#483143c567aeed4785759c0865786dc77d7d2e31"
    integrity sha512-Z7tMw1ytTXt5jqMcOP+OQteU1VuNK9Y02uuJtKQ1Sv69jXQKKg5cibLwGJow8yzZP+eAc18EmLGPal0bp36rvQ==
  
  async-validator@^4.0.7:
    version "4.0.7"
    resolved "https://registry.npmjs.org/async-validator/-/async-validator-4.0.7.tgz#034a0fd2103a6b2ebf010da75183bec299247afe"
    integrity sha512-Pj2IR7u8hmUEDOwB++su6baaRi+QvsgajuFB9j95foM1N2gy5HM4z60hfusIO0fBPG5uLAEl6yCJr1jNSVugEQ==
  
  at-least-node@^1.0.0:
    version "1.0.0"
    resolved "https://registry.npmjs.org/at-least-node/-/at-least-node-1.0.0.tgz#602cd4b46e844ad4effc92a8011a3c46e0238dc2"
    integrity sha512-+q/t7Ekv1EDY2l6Gda6LLiX14rU9TV20Wa3ofeQmwPFZbOMo9DXrLbOjFaaclkXKWidIaopwAObQDqwWtGUjqg==
  
  atob@^2.1.2:
    version "2.1.2"
    resolved "https://registry.npmjs.org/atob/-/atob-2.1.2.tgz#6d9517eb9e030d2436666651e86bd9f6f13533c9"
    integrity sha512-Wm6ukoaOGJi/73p/cl2GvLjTI5JM1k/O14isD73YML8StrH/7/lRFgmg8nICZgD3bZZvjwCGxtMOD3wWNAu8cg==
  
  axios@*:
    version "0.26.1"
    resolved "https://registry.npmjs.org/axios/-/axios-0.26.1.tgz#1ede41c51fcf51bbbd6fd43669caaa4f0495aaa9"
    integrity sha512-fPwcX4EvnSHuInCMItEhAGnaSEXRBjtzh9fOtsE6E1G6p7vl7edEeZe11QHf18+6+9gR5PbKV/sGKNaD8YaMeA==
    dependencies:
      follow-redirects "^1.14.8"
  
  axios@^0.21.1:
    version "0.21.4"
    resolved "https://registry.npmjs.org/axios/-/axios-0.21.4.tgz#c67b90dc0568e5c1cf2b0b858c43ba28e2eda575"
    integrity sha512-ut5vewkiu8jjGBdqpM44XxjuCjq9LAKeHVmoVfHVzy8eHgxxq8SbAVQNovDA8mVi05kP0Ea/n/UzcSHcTJQfNg==
    dependencies:
      follow-redirects "^1.14.0"
  
  balanced-match@0.1.0:
    version "0.1.0"
    resolved "https://registry.npmjs.org/balanced-match/-/balanced-match-0.1.0.tgz#b504bd05869b39259dd0c5efc35d843176dccc4a"
    integrity sha1-tQS9BYabOSWd0MXvw12EMXbczEo=
  
  balanced-match@^1.0.0:
    version "1.0.2"
    resolved "https://registry.npmjs.org/balanced-match/-/balanced-match-1.0.2.tgz#e83e3a7e3f300b34cb9d87f615fa0cbf357690ee"
    integrity sha512-3oSeUO0TMV67hN1AmbXsK4yaqU7tjiHlbxRDZOpH0KW9+CeX4bRAaX0Anxt0tx2MrpRpWwQaPwIlISEJhYU5Pw==
  
  base64-js@^1.3.1:
    version "1.5.1"
    resolved "https://registry.npmjs.org/base64-js/-/base64-js-1.5.1.tgz#1b1b440160a5bf7ad40b650f095963481903930a"
    integrity sha512-AKpaYlHn8t4SVbOHCy+b5+KKgvR4vrsD8vbvrbiQJps7fKDTkjkDry6ji0rUJjC0kzbNePLwzxq8iypo41qeWA==
  
  big-integer@^1.6.17:
    version "1.6.51"
    resolved "https://registry.npmjs.org/big-integer/-/big-integer-1.6.51.tgz#0df92a5d9880560d3ff2d5fd20245c889d130686"
    integrity sha512-GPEid2Y9QU1Exl1rpO9B2IPJGHPSupF5GnVIP0blYvNOMer2bTvSWs1jGOUg04hTmu67nmLsQ9TBo1puaotBHg==
  
  binary-extensions@^2.0.0:
    version "2.2.0"
    resolved "https://registry.npmjs.org/binary-extensions/-/binary-extensions-2.2.0.tgz#75f502eeaf9ffde42fc98829645be4ea76bd9e2d"
    integrity sha512-jDctJ/IVQbZoJykoeHbhXpOlNBqGNcwXJKJog42E5HDPUwQTSdjCHdihjj0DlnheQ7blbT6dHOafNAiS8ooQKA==
  
  binary@~0.3.0:
    version "0.3.0"
    resolved "https://registry.npmjs.org/binary/-/binary-0.3.0.tgz#9f60553bc5ce8c3386f3b553cff47462adecaa79"
    integrity sha1-n2BVO8XOjDOG87VTz/R0Yq3sqnk=
    dependencies:
      buffers "~0.1.1"
      chainsaw "~0.1.0"
  
  bluebird@~3.4.1:
    version "3.4.7"
    resolved "https://registry.npmjs.org/bluebird/-/bluebird-3.4.7.tgz#f72d760be09b7f76d08ed8fae98b289a8d05fab3"
    integrity sha1-9y12C+Cbf3bQjtj66Ysomo0F+rM=
  
  bpmn-js@^7.2.1:
    version "7.5.0"
    resolved "https://registry.npmjs.org/bpmn-js/-/bpmn-js-7.5.0.tgz#0e4675acdbdff676db859f8cb7ec395d20e7bbd8"
    integrity sha512-0ANaE6Bikg1GmkcvO7RK0MQPX+EKYKBc+q7OWk39/16NcCdNZ/4UiRcCr9n0u1VUCIDsSU/jJ79TIZFnV5CNjw==
    dependencies:
      bpmn-moddle "^7.0.4"
      css.escape "^1.5.1"
      diagram-js "^6.8.2"
      diagram-js-direct-editing "^1.6.1"
      ids "^1.0.0"
      inherits "^2.0.4"
      min-dash "^3.5.2"
      min-dom "^3.1.3"
      object-refs "^0.3.0"
      tiny-svg "^2.2.2"
  
  bpmn-moddle@^7.0.4:
    version "7.1.2"
    resolved "https://registry.npmjs.org/bpmn-moddle/-/bpmn-moddle-7.1.2.tgz#0a23046f67e43c5e37b9c9f6800de070f3e81df4"
    integrity sha512-Sax4LokRCTqlg26njjULN3ZGtCmwH5gZVUZTRF0jwJk+YpMQhSfSoUECxjNv8OROoLxu8Z+MjdOHIxgvJf7KwA==
    dependencies:
      min-dash "^3.5.2"
      moddle "^5.0.2"
      moddle-xml "^9.0.5"
  
  brace-expansion@^1.1.7:
    version "1.1.11"
    resolved "https://registry.npmjs.org/brace-expansion/-/brace-expansion-1.1.11.tgz#3c7fcbf529d87226f3d2f52b966ff5271eb441dd"
    integrity sha512-iCuPHDFgrHX7H2vEI/5xpz07zSHB00TpugqhmYtVmMO6518mCuRMoOYFldEBl0g187ufozdaHgWKcYFb61qGiA==
    dependencies:
      balanced-match "^1.0.0"
      concat-map "0.0.1"
  
  brace-expansion@^2.0.1:
    version "2.0.1"
    resolved "https://registry.npmjs.org/brace-expansion/-/brace-expansion-2.0.1.tgz#1edc459e0f0c548486ecf9fc99f2221364b9a0ae"
    integrity sha512-XnAIvQ8eM+kC6aULx6wuQiwVsnzsi9d3WxzV3FpWTGA19F621kwdbsAcFKXgKUHZWsy+mY6iL1sHTxWEFCytDA==
    dependencies:
      balanced-match "^1.0.0"
  
  braces@^3.0.2, braces@~3.0.2:
    version "3.0.2"
    resolved "https://registry.npmjs.org/braces/-/braces-3.0.2.tgz#3454e1a462ee8d599e236df336cd9ea4f8afe107"
    integrity sha512-b8um+L1RzM3WDSzvhm6gIz1yfTbBt6YTlcEKAvsmqCZZFw46z626lVj9j1yEPW33H5H+lBQpZMP1k8l+78Ha0A==
    dependencies:
      fill-range "^7.0.1"
  
  buffer-indexof-polyfill@~1.0.0:
    version "1.0.2"
    resolved "https://registry.npmjs.org/buffer-indexof-polyfill/-/buffer-indexof-polyfill-1.0.2.tgz#d2732135c5999c64b277fcf9b1abe3498254729c"
    integrity sha512-I7wzHwA3t1/lwXQh+A5PbNvJxgfo5r3xulgpYDB5zckTu/Z9oUK9biouBKQUjEqzaz3HnAT6TYoovmE+GqSf7A==
  
  buffer@^6.0.3:
    version "6.0.3"
    resolved "https://registry.npmjs.org/buffer/-/buffer-6.0.3.tgz#2ace578459cc8fbe2a70aaa8f52ee63b6a74c6c6"
    integrity sha512-FTiCpNxtwiZZHEZbcbTIcZjERVICn9yq/pDFkTl95/AxzD1naBctN7YO68riM/gLSDY7sdrMby8hofADYuuqOA==
    dependencies:
      base64-js "^1.3.1"
      ieee754 "^1.2.1"
  
  buffers@~0.1.1:
    version "0.1.1"
    resolved "https://registry.npmjs.org/buffers/-/buffers-0.1.1.tgz#b24579c3bed4d6d396aeee6d9a8ae7f5482ab7bb"
    integrity sha1-skV5w77U1tOWru5tmorn9Ugqt7s=
  
  cachedir@2.2.0:
    version "2.2.0"
    resolved "https://registry.npmjs.org/cachedir/-/cachedir-2.2.0.tgz#19afa4305e05d79e417566882e0c8f960f62ff0e"
    integrity sha512-VvxA0xhNqIIfg0V9AmJkDg91DaJwryutH5rVEZAhcNi4iJFj9f+QxmAjgK1LT9I8OgToX27fypX6/MeCXVbBjQ==
  
  call-bind@^1.0.0, call-bind@^1.0.2, call-bind@~1.0.2:
    version "1.0.2"
    resolved "https://registry.npmjs.org/call-bind/-/call-bind-1.0.2.tgz#b1d4e89e688119c3c9a903ad30abb2f6a919be3c"
    integrity sha512-7O+FbCihrB5WGbFYesctwmTKae6rOiIzmz1icreWJ+0aA7LJfuqhEso2T9ncpcFtzMQtzXf2QGGueWJGTYsqrA==
    dependencies:
      function-bind "^1.1.1"
      get-intrinsic "^1.0.2"
  
  callsites@^3.0.0:
    version "3.1.0"
    resolved "https://registry.npmjs.org/callsites/-/callsites-3.1.0.tgz#b3630abd8943432f54b3f0519238e33cd7df2f73"
    integrity sha512-P8BjAsXvZS+VIDUI11hHCQEv74YT67YUi5JJFNWIqL235sBmjX4+qx9Muvls5ivyNENctx46xQLQ3aTuE7ssaQ==
  
  camelcase-keys@^6.2.2:
    version "6.2.2"
    resolved "https://registry.npmjs.org/camelcase-keys/-/camelcase-keys-6.2.2.tgz#5e755d6ba51aa223ec7d3d52f25778210f9dc3c0"
    integrity sha512-YrwaA0vEKazPBkn0ipTiMpSajYDSe+KjQfrjhcBMxJt/znbvlHd8Pw/Vamaz5EB4Wfhs3SUR3Z9mwRu/P3s3Yg==
    dependencies:
      camelcase "^5.3.1"
      map-obj "^4.0.0"
      quick-lru "^4.0.1"
  
  camelcase@^1.0.2:
    version "1.2.1"
    resolved "https://registry.npmjs.org/camelcase/-/camelcase-1.2.1.tgz#9bb5304d2e0b56698b2c758b08a3eaa9daa58a39"
    integrity sha1-m7UwTS4LVmmLLHWLCKPqqdqlijk=
  
  camelcase@^5.3.1:
    version "5.3.1"
    resolved "https://registry.npmjs.org/camelcase/-/camelcase-5.3.1.tgz#e3c9b31569e106811df242f715725a1f4c494320"
    integrity sha512-L28STB170nwWS63UjtlEOE3dldQApaJXZkOI1uMFfzf3rRuPegHaHesyee+YxQ+W6SvRDQV6UrdOdRiR153wJg==
  
  center-align@^0.1.1:
    version "0.1.3"
    resolved "https://registry.npmjs.org/center-align/-/center-align-0.1.3.tgz#aa0d32629b6ee972200411cbd4461c907bc2b7ad"
    integrity sha1-qg0yYptu6XIgBBHL1EYckHvCt60=
    dependencies:
      align-text "^0.1.3"
      lazy-cache "^1.0.3"
  
  cfb@^1.1.4:
    version "1.2.2"
    resolved "https://registry.npmjs.org/cfb/-/cfb-1.2.2.tgz#94e687628c700e5155436dac05f74e08df23bc44"
    integrity sha512-KfdUZsSOw19/ObEWasvBP/Ac4reZvAGauZhs6S/gqNhXhI7cKwvlH7ulj+dOEYnca4bm4SGo8C1bTAQvnTjgQA==
    dependencies:
      adler-32 "~1.3.0"
      crc-32 "~1.2.0"
  
  chainsaw@~0.1.0:
    version "0.1.0"
    resolved "https://registry.npmjs.org/chainsaw/-/chainsaw-0.1.0.tgz#5eab50b28afe58074d0d58291388828b5e5fbc98"
    integrity sha1-XqtQsor+WAdNDVgpE4iCi15fvJg=
    dependencies:
      traverse ">=0.3.0 <0.4"
  
  chalk@^1.1.1:
    version "1.1.3"
    resolved "https://registry.npmjs.org/chalk/-/chalk-1.1.3.tgz#a8115c55e4a702fe4d150abd3872822a7e09fc98"
    integrity sha1-qBFcVeSnAv5NFQq9OHKCKn4J/Jg=
    dependencies:
      ansi-styles "^2.2.1"
      escape-string-regexp "^1.0.2"
      has-ansi "^2.0.0"
      strip-ansi "^3.0.0"
      supports-color "^2.0.0"
  
  chalk@^2.0.0, chalk@^2.4.1, chalk@^2.4.2:
    version "2.4.2"
    resolved "https://registry.npmjs.org/chalk/-/chalk-2.4.2.tgz#cd42541677a54333cf541a49108c1432b44c9424"
    integrity sha512-Mti+f9lpJNcwF4tWV8/OrTTtF1gZi+f8FqlyAdouralcFWFQWF2+NgCHShjkCb+IFBLq9buZwE1xckQU4peSuQ==
    dependencies:
      ansi-styles "^3.2.1"
      escape-string-regexp "^1.0.5"
      supports-color "^5.3.0"
  
  chalk@^4.0.0, chalk@^4.1.0:
    version "4.1.2"
    resolved "https://registry.npmjs.org/chalk/-/chalk-4.1.2.tgz#aac4e2b7734a740867aeb16bf02aad556a1e7a01"
    integrity sha512-oKnbhFyRIXpUuez8iBMmyEa4nbj4IOQyuhc/wy9kY7/WVPcwIO9VA668Pu8RkO7+0G76SLROeyw9CpQ061i4mA==
    dependencies:
      ansi-styles "^4.1.0"
      supports-color "^7.1.0"
  
  chardet@^0.7.0:
    version "0.7.0"
    resolved "https://registry.npmjs.org/chardet/-/chardet-0.7.0.tgz#90094849f0937f2eedc2425d0d28a9e5f0cbad9e"
    integrity sha512-mT8iDcrh03qDGRRmoA2hmBJnxpllMR+0/0qlzjqZES6NdiWDcZkCNAk4rPFZ9Q85r27unkiNNg8ZOiwZXBHwcA==
  
  china-area-data@^5.0.1:
    version "5.0.1"
    resolved "https://registry.npmjs.org/china-area-data/-/china-area-data-5.0.1.tgz#7943b83a0619f033bb5893da80cb46e52e44be66"
    integrity sha512-BQDPpiv5Nn+018ekcJK2oSD9PAD+E1bvXB0wgabc//dFVS/KvRqCgg0QOEUt3vBkx9XzB5a9BmkJCEZDBxVjVw==
  
  "chokidar@>=3.0.0 <4.0.0", chokidar@^3.5.3:
    version "3.5.3"
    resolved "https://registry.npmjs.org/chokidar/-/chokidar-3.5.3.tgz#1cf37c8707b932bd1af1ae22c0432e2acd1903bd"
    integrity sha512-Dr3sfKRP6oTcjf2JmUmFJfeVMvXBdegxB0iVQ5eb2V10uFJUCAS8OByZdVAyVb8xXNz3GjjTgj9kLWsZTqE6kw==
    dependencies:
      anymatch "~3.1.2"
      braces "~3.0.2"
      glob-parent "~5.1.2"
      is-binary-path "~2.1.0"
      is-glob "~4.0.1"
      normalize-path "~3.0.0"
      readdirp "~3.6.0"
    optionalDependencies:
      fsevents "~2.3.2"
  
  clean-stack@^2.0.0:
    version "2.2.0"
    resolved "https://registry.npmjs.org/clean-stack/-/clean-stack-2.2.0.tgz#ee8472dbb129e727b31e8a10a427dee9dfe4008b"
    integrity sha512-4diC9HaTE+KRAMWhDhrGOECgWZxoevMc5TlkObMqNSsVU62PYzXZ/SMTjzyGAFF1YusgxGcSWTEXBhp0CPwQ1A==
  
  cli-cursor@^2.1.0:
    version "2.1.0"
    resolved "https://registry.npmjs.org/cli-cursor/-/cli-cursor-2.1.0.tgz#b35dac376479facc3e94747d41d0d0f5238ffcb5"
    integrity sha1-s12sN2R5+sw+lHR9QdDQ9SOP/LU=
    dependencies:
      restore-cursor "^2.0.0"
  
  cli-cursor@^3.1.0:
    version "3.1.0"
    resolved "https://registry.npmjs.org/cli-cursor/-/cli-cursor-3.1.0.tgz#264305a7ae490d1d03bf0c9ba7c925d1753af307"
    integrity sha512-I/zHAwsKf9FqGoXM4WWRACob9+SNukZTd94DWF57E4toouRulbCxcUh6RKUEOQlYTHJnzkPMySvPNaaSLNfLZw==
    dependencies:
      restore-cursor "^3.1.0"
  
  cli-truncate@^2.1.0:
    version "2.1.0"
    resolved "https://registry.npmjs.org/cli-truncate/-/cli-truncate-2.1.0.tgz#c39e28bf05edcde5be3b98992a22deed5a2b93c7"
    integrity sha512-n8fOixwDD6b/ObinzTrp1ZKFzbgvKZvuz/TvejnLn1aQfC6r52XEx85FmuC+3HI+JM7coBRXUvNqEU2PHVrHpg==
    dependencies:
      slice-ansi "^3.0.0"
      string-width "^4.2.0"
  
  cli-width@^2.0.0:
    version "2.2.1"
    resolved "https://registry.npmjs.org/cli-width/-/cli-width-2.2.1.tgz#b0433d0b4e9c847ef18868a4ef16fd5fc8271c48"
    integrity sha512-GRMWDxpOB6Dgk2E5Uo+3eEBvtOOlimMmpbFiKuLFnQzYDavtLFY3K5ona41jgN/WdRZtG7utuVSVTL4HbZHGkw==
  
  clipboard@*, clipboard@^2.0.4:
    version "2.0.10"
    resolved "https://registry.npmjs.org/clipboard/-/clipboard-2.0.10.tgz#e61f6f7139ac5044c58c0484dcac9fb2a918bfd6"
    integrity sha512-cz3m2YVwFz95qSEbCDi2fzLN/epEN9zXBvfgAoGkvGOJZATMl9gtTDVOtBYkx2ODUJl2kvmud7n32sV2BpYR4g==
    dependencies:
      good-listener "^1.2.2"
      select "^1.1.2"
      tiny-emitter "^2.0.0"
  
  cliui@^2.1.0:
    version "2.1.0"
    resolved "https://registry.npmjs.org/cliui/-/cliui-2.1.0.tgz#4b475760ff80264c762c3a1719032e91c7fea0d1"
    integrity sha1-S0dXYP+AJkx2LDoXGQMukcf+oNE=
    dependencies:
      center-align "^0.1.1"
      right-align "^0.1.1"
      wordwrap "0.0.2"
  
  cliui@^7.0.2:
    version "7.0.4"
    resolved "https://registry.npmjs.org/cliui/-/cliui-7.0.4.tgz#a0265ee655476fc807aea9df3df8df7783808b4f"
    integrity sha512-OcRE68cOsVMXp1Yvonl/fzkQOyjLSu/8bhPDfQt0e0/Eb283TKP20Fs2MqoPsr9SwA595rRCA+QMzYc9nBP+JQ==
    dependencies:
      string-width "^4.2.0"
      strip-ansi "^6.0.0"
      wrap-ansi "^7.0.0"
  
  clone@^1.0.2:
    version "1.0.4"
    resolved "https://registry.npmjs.org/clone/-/clone-1.0.4.tgz#da309cc263df15994c688ca902179ca3c7cd7c7e"
    integrity sha1-2jCcwmPfFZlMaIypAheco8fNfH4=
  
  codepage@~1.15.0:
    version "1.15.0"
    resolved "https://registry.npmjs.org/codepage/-/codepage-1.15.0.tgz#2e00519024b39424ec66eeb3ec07227e692618ab"
    integrity sha512-3g6NUTPd/YtuuGrhMnOMRjFc+LJw/bnMp3+0r/Wcz3IXUuCosKRJvMphm5+Q+bvTVGcJJuRvVLuYba+WojaFaA==
  
  color-convert@^1.3.0, color-convert@^1.9.0:
    version "1.9.3"
    resolved "https://registry.npmjs.org/color-convert/-/color-convert-1.9.3.tgz#bb71850690e1f136567de629d2d5471deda4c1e8"
    integrity sha512-QfAUtd+vFdAtFQcC8CCyYt1fYWxSqAiK2cSD6zDB8N3cpsEBAvRxp9zOGg6G/SHHJYAT88/az/IuDGALsNVbGg==
    dependencies:
      color-name "1.1.3"
  
  color-convert@^2.0.1:
    version "2.0.1"
    resolved "https://registry.npmjs.org/color-convert/-/color-convert-2.0.1.tgz#72d3a68d598c9bdb3af2ad1e84f21d896abd4de3"
    integrity sha512-RRECPsj7iu/xb5oKYcsFHSppFNnsj/52OVTRKb4zP5onXwVF3zVmmToNcOfGC+CRDpfK/U584fMg38ZHCaElKQ==
    dependencies:
      color-name "~1.1.4"
  
  color-name@1.1.3:
    version "1.1.3"
    resolved "https://registry.npmjs.org/color-name/-/color-name-1.1.3.tgz#a7d0558bd89c42f795dd42328f740831ca53bc25"
    integrity sha1-p9BVi9icQveV3UIyj3QIMcpTvCU=
  
  color-name@^1.0.0, color-name@~1.1.4:
    version "1.1.4"
    resolved "https://registry.npmjs.org/color-name/-/color-name-1.1.4.tgz#c2a09a87acbde69543de6f63fa3995c826c536a2"
    integrity sha512-dOy+3AuW3a2wNbZHIuMZpTcgjGuLU/uBL/ubcZF9OXbDo8ff4O8yVp5Bf0efS8uEoYo5q4Fx7dY9OgQGXgAsQA==
  
  color-string@^0.3.0:
    version "0.3.0"
    resolved "https://registry.npmjs.org/color-string/-/color-string-0.3.0.tgz#27d46fb67025c5c2fa25993bfbf579e47841b991"
    integrity sha1-J9RvtnAlxcL6JZk7+/V55HhBuZE=
    dependencies:
      color-name "^1.0.0"
  
  color@^0.11.0:
    version "0.11.4"
    resolved "https://registry.npmjs.org/color/-/color-0.11.4.tgz#6d7b5c74fb65e841cd48792ad1ed5e07b904d764"
    integrity sha1-bXtcdPtl6EHNSHkq0e1eB7kE12Q=
    dependencies:
      clone "^1.0.2"
      color-convert "^1.3.0"
      color-string "^0.3.0"
  
  colorette@^2.0.16:
    version "2.0.16"
    resolved "https://registry.npmjs.org/colorette/-/colorette-2.0.16.tgz#713b9af84fdb000139f04546bd4a93f62a5085da"
    integrity sha512-hUewv7oMjCp+wkBv5Rm0v87eJhq4woh5rSR+42YSQJKecCqgIqNkZ6lAlQms/BwHPJA5NKMRlpxPRv0n8HQW6g==
  
  commander@*:
    version "9.2.0"
    resolved "https://registry.npmjs.org/commander/-/commander-9.2.0.tgz#6e21014b2ed90d8b7c9647230d8b7a94a4a419a9"
    integrity sha512-e2i4wANQiSXgnrBlIatyHtP1odfUp0BbV5Y5nEGbxtIrStkEOAAzCUirvLBNXHLr7kwLvJl6V+4V3XV9x7Wd9w==
  
  commander@2:
    version "2.20.3"
    resolved "https://registry.npmjs.org/commander/-/commander-2.20.3.tgz#fd485e84c03eb4881c20722ba48035e8531aeb33"
    integrity sha512-GpVkmM8vF2vQUkj2LvZmD35JxeJOLCwJ9cUkugyk2nuhbv3+mJvpLYYt+0+USMxE+oj+ey/lJEnhZw75x/OMcQ==
  
  commander@^6.2.0:
    version "6.2.1"
    resolved "https://registry.npmjs.org/commander/-/commander-6.2.1.tgz#0792eb682dfbc325999bb2b84fddddba110ac73c"
    integrity sha512-U7VdrJFnJgo4xjrHpTzu0yrHPGImdsmD95ZlgYSEajAn2JKzDhDTPG9kBTefmObL2w/ngeZnilk+OV9CG3d7UA==
  
  commitizen@^4.0.3, commitizen@^4.2.3:
    version "4.2.4"
    resolved "https://registry.npmjs.org/commitizen/-/commitizen-4.2.4.tgz#a3e5b36bd7575f6bf6e7aa19dbbf06b0d8f37165"
    integrity sha512-LlZChbDzg3Ir3O2S7jSo/cgWp5/QwylQVr59K4xayVq8S4/RdKzSyJkghAiZZHfhh5t4pxunUoyeg0ml1q/7aw==
    dependencies:
      cachedir "2.2.0"
      cz-conventional-changelog "3.2.0"
      dedent "0.7.0"
      detect-indent "6.0.0"
      find-node-modules "^2.1.2"
      find-root "1.1.0"
      fs-extra "8.1.0"
      glob "7.1.4"
      inquirer "6.5.2"
      is-utf8 "^0.2.1"
      lodash "^4.17.20"
      minimist "1.2.5"
      strip-bom "4.0.0"
      strip-json-comments "3.0.1"
  
  compare-func@^2.0.0:
    version "2.0.0"
    resolved "https://registry.npmjs.org/compare-func/-/compare-func-2.0.0.tgz#fb65e75edbddfd2e568554e8b5b05fff7a51fcb3"
    integrity sha512-zHig5N+tPWARooBnb0Zx1MFcdfpyJrfTJ3Y5L+IFvUm8rM74hHz66z0gw0x4tijh5CorKkKUCnW82R2vmpeCRA==
    dependencies:
      array-ify "^1.0.0"
      dot-prop "^5.1.0"
  
  component-event@^0.1.4:
    version "0.1.4"
    resolved "https://registry.npmjs.org/component-event/-/component-event-0.1.4.tgz#3de78fc28782381787e24bf2a7c536bf0142c9b4"
    integrity sha1-PeePwoeCOBeH4kvyp8U2vwFCybQ=
  
  concat-map@0.0.1:
    version "0.0.1"
    resolved "https://registry.npmjs.org/concat-map/-/concat-map-0.0.1.tgz#d8a96bd77fd68df7793a73036a3ba0d5405d477b"
    integrity sha1-2Klr13/Wjfd5OnMDajug1UBdR3s=
  
  confusing-browser-globals@^1.0.10:
    version "1.0.11"
    resolved "https://registry.npmjs.org/confusing-browser-globals/-/confusing-browser-globals-1.0.11.tgz#ae40e9b57cdd3915408a2805ebd3a5585608dc81"
    integrity sha512-JsPKdmh8ZkmnHxDk55FZ1TqVLvEQTvoByJZRN9jzI0UjxK/QgAmsphz7PGtqgPieQZ/CQcHWXCR7ATDNhGe+YA==
  
  contour_plot@^0.0.1:
    version "0.0.1"
    resolved "https://registry.npmjs.org/contour_plot/-/contour_plot-0.0.1.tgz#475870f032b8e338412aa5fc507880f0bf495c77"
    integrity sha1-R1hw8DK44zhBKqX8UHiA8L9JXHc=
  
  conventional-changelog-angular@^5.0.11:
    version "5.0.13"
    resolved "https://registry.npmjs.org/conventional-changelog-angular/-/conventional-changelog-angular-5.0.13.tgz#896885d63b914a70d4934b59d2fe7bde1832b28c"
    integrity sha512-i/gipMxs7s8L/QeuavPF2hLnJgH6pEZAttySB6aiQLWcX3puWDL3ACVmvBhJGxnAy52Qc15ua26BufY6KpmrVA==
    dependencies:
      compare-func "^2.0.0"
      q "^1.5.1"
  
  conventional-changelog-conventionalcommits@^4.3.1:
    version "4.6.3"
    resolved "https://registry.npmjs.org/conventional-changelog-conventionalcommits/-/conventional-changelog-conventionalcommits-4.6.3.tgz#0765490f56424b46f6cb4db9135902d6e5a36dc2"
    integrity sha512-LTTQV4fwOM4oLPad317V/QNQ1FY4Hju5qeBIM1uTHbrnCE+Eg4CdRZ3gO2pUeR+tzWdp80M2j3qFFEDWVqOV4g==
    dependencies:
      compare-func "^2.0.0"
      lodash "^4.17.15"
      q "^1.5.1"
  
  conventional-commit-types@^3.0.0:
    version "3.0.0"
    resolved "https://registry.npmjs.org/conventional-commit-types/-/conventional-commit-types-3.0.0.tgz#7c9214e58eae93e85dd66dbfbafe7e4fffa2365b"
    integrity sha512-SmmCYnOniSsAa9GqWOeLqc179lfr5TRu5b4QFDkbsrJ5TZjPJx85wtOr3zn+1dbeNiXDKGPbZ72IKbPhLXh/Lg==
  
  conventional-commits-parser@^3.0.0:
    version "3.2.4"
    resolved "https://registry.npmjs.org/conventional-commits-parser/-/conventional-commits-parser-3.2.4.tgz#a7d3b77758a202a9b2293d2112a8d8052c740972"
    integrity sha512-nK7sAtfi+QXbxHCYfhpZsfRtaitZLIA6889kFIouLvz6repszQDgxBu7wf2WbU+Dco7sAnNCJYERCwt54WPC2Q==
    dependencies:
      JSONStream "^1.0.4"
      is-text-path "^1.0.1"
      lodash "^4.17.15"
      meow "^8.0.0"
      split2 "^3.0.0"
      through2 "^4.0.0"
  
  core-js-pure@^3.20.2:
    version "3.22.2"
    resolved "https://registry.npmjs.org/core-js-pure/-/core-js-pure-3.22.2.tgz#c10bffdc3028d25c2aae505819a05543db61544f"
    integrity sha512-Lb+/XT4WC4PaCWWtZpNPaXmjiNDUe5CJuUtbkMrIM1kb1T/jJoAIp+bkVP/r5lHzMr+ZAAF8XHp7+my6Ol0ysQ==
  
  core-js@^3.21.1:
    version "3.22.2"
    resolved "https://registry.npmjs.org/core-js/-/core-js-3.22.2.tgz#3ea0a245b0895fa39d1faa15fe75d91ade504a01"
    integrity sha512-Z5I2vzDnEIqO2YhELVMFcL1An2CIsFe9Q7byZhs8c/QxummxZlAHw33TUHbIte987LkisOgL0LwQ1P9D6VISnA==
  
  core-util-is@~1.0.0:
    version "1.0.3"
    resolved "https://registry.npmjs.org/core-util-is/-/core-util-is-1.0.3.tgz#a6042d3634c2b27e9328f837b965fac83808db85"
    integrity sha512-ZQBvi1DcpJ4GDqanjucZ2Hj3wEO5pZDS89BWbkcrvdxksJorwUDDZamX9ldFkp9aw2lmBDLgkObEA4DWNJ9FYQ==
  
  cosmiconfig-typescript-loader@^1.0.0:
    version "1.0.9"
    resolved "https://registry.npmjs.org/cosmiconfig-typescript-loader/-/cosmiconfig-typescript-loader-1.0.9.tgz#69c523f7e8c3d9f27f563d02bbeadaf2f27212d3"
    integrity sha512-tRuMRhxN4m1Y8hP9SNYfz7jRwt8lZdWxdjg/ohg5esKmsndJIn4yT96oJVcf5x0eA11taXl+sIp+ielu529k6g==
    dependencies:
      cosmiconfig "^7"
      ts-node "^10.7.0"
  
  cosmiconfig@^7, cosmiconfig@^7.0.0:
    version "7.0.1"
    resolved "https://registry.npmjs.org/cosmiconfig/-/cosmiconfig-7.0.1.tgz#714d756522cace867867ccb4474c5d01bbae5d6d"
    integrity sha512-a1YWNUV2HwGimB7dU2s1wUMurNKjpx60HxBB6xUM8Re+2s1g1IIfJvFR0/iCF+XHdE0GMTKTuLR32UQff4TEyQ==
    dependencies:
      "@types/parse-json" "^4.0.0"
      import-fresh "^3.2.1"
      parse-json "^5.0.0"
      path-type "^4.0.0"
      yaml "^1.10.0"
  
  crc-32@~1.2.0:
    version "1.2.2"
    resolved "https://registry.npmjs.org/crc-32/-/crc-32-1.2.2.tgz#3cad35a934b8bf71f25ca524b6da51fb7eace2ff"
    integrity sha512-ROmzCKrTnOwybPcJApAA6WBWij23HVfGVNKqqrZpuyZOHqK2CwHSvpGuyt/UNNvaIjEd8X5IFGp4Mh+Ie1IHJQ==
  
  create-require@^1.1.0:
    version "1.1.1"
    resolved "https://registry.npmjs.org/create-require/-/create-require-1.1.1.tgz#c1d7e8f1e5f6cfc9ff65f9cd352d37348756c333"
    integrity sha512-dcKFX3jn0MpIaXjisoRvexIJVEKzaq7z2rZKxf+MSr9TkdmHmsU4m2lcLojrj/FHl8mk5VxMmYA+ftRkP/3oKQ==
  
  cross-spawn@^7.0.0, cross-spawn@^7.0.2, cross-spawn@^7.0.3:
    version "7.0.3"
    resolved "https://registry.npmjs.org/cross-spawn/-/cross-spawn-7.0.3.tgz#f73a85b9d5d41d045551c177e2882d4ac85728a6"
    integrity sha512-iRDPJKUPVEND7dHPO8rkbOnPpyDygcDFtWjpeWNCgy8WP2rXcxXL8TskReQl6OrB2G7+UJrags1q15Fudc7G6w==
    dependencies:
      path-key "^3.1.0"
      shebang-command "^2.0.0"
      which "^2.0.1"
  
  crypto-es@^1.2.7:
    version "1.2.7"
    resolved "https://registry.npmjs.org/crypto-es/-/crypto-es-1.2.7.tgz#754a6d52319a94fb4eb1f119297f17196b360f88"
    integrity sha512-UUqiVJ2gUuZFmbFsKmud3uuLcNP2+Opt+5ysmljycFCyhA0+T16XJmo1ev/t5kMChMqWh7IEvURNCqsg+SjZGQ==
  
  crypto-js@^4.1.1:
    version "4.1.1"
    resolved "https://registry.npmjs.org/crypto-js/-/crypto-js-4.1.1.tgz#9e485bcf03521041bd85844786b83fb7619736cf"
    integrity sha512-o2JlM7ydqd3Qk9CA0L4NL6mTzU2sdx96a+oOfPu8Mkl/PK51vSyoi8/rQ8NknZtk44vq15lmhAj9CIAGwgeWKw==
  
  css-color-function@^1.3.3:
    version "1.3.3"
    resolved "https://registry.npmjs.org/css-color-function/-/css-color-function-1.3.3.tgz#8ed24c2c0205073339fafa004bc8c141fccb282e"
    integrity sha1-jtJMLAIFBzM5+voAS8jBQfzLKC4=
    dependencies:
      balanced-match "0.1.0"
      color "^0.11.0"
      debug "^3.1.0"
      rgb "~0.1.0"
  
  css-parse@~2.0.0:
    version "2.0.0"
    resolved "https://registry.npmjs.org/css-parse/-/css-parse-2.0.0.tgz#a468ee667c16d81ccf05c58c38d2a97c780dbfd4"
    integrity sha1-pGjuZnwW2BzPBcWMONKpfHgNv9Q=
    dependencies:
      css "^2.0.0"
  
  css.escape@^1.5.1:
    version "1.5.1"
    resolved "https://registry.npmjs.org/css.escape/-/css.escape-1.5.1.tgz#42e27d4fa04ae32f931a4b4d4191fa9cddee97cb"
    integrity sha1-QuJ9T6BK4y+TGktNQZH6nN3ul8s=
  
  css@^2.0.0:
    version "2.2.4"
    resolved "https://registry.npmjs.org/css/-/css-2.2.4.tgz#c646755c73971f2bba6a601e2cf2fd71b1298929"
    integrity sha512-oUnjmWpy0niI3x/mPL8dVEI1l7MnG3+HHyRPHf+YFSbK+svOhXpmSOcDURUh2aOCgl2grzrOPt1nHLuCVFULLw==
    dependencies:
      inherits "^2.0.3"
      source-map "^0.6.1"
      source-map-resolve "^0.5.2"
      urix "^0.1.0"
  
  csstype@^2.6.8:
    version "2.6.20"
    resolved "https://registry.npmjs.org/csstype/-/csstype-2.6.20.tgz#9229c65ea0b260cf4d3d997cb06288e36a8d6dda"
    integrity sha512-/WwNkdXfckNgw6S5R125rrW8ez139lBHWouiBvX8dfMFtcn6V81REDqnH7+CRpRipfYlyU1CmOnOxrmGcFOjeA==
  
  csstype@^3.0.8:
    version "3.0.11"
    resolved "https://registry.npmjs.org/csstype/-/csstype-3.0.11.tgz#d66700c5eacfac1940deb4e3ee5642792d85cd33"
    integrity sha512-sa6P2wJ+CAbgyy4KFssIb/JNMLxFvKF1pCYCSXS8ZMuqZnMsrxqI2E5sPyoTpxoPU/gVZMzr2zjOfg8GIZOMsw==
  
  cz-conventional-changelog@3.2.0:
    version "3.2.0"
    resolved "https://registry.npmjs.org/cz-conventional-changelog/-/cz-conventional-changelog-3.2.0.tgz#6aef1f892d64113343d7e455529089ac9f20e477"
    integrity sha512-yAYxeGpVi27hqIilG1nh4A9Bnx4J3Ov+eXy4koL3drrR+IO9GaWPsKjik20ht608Asqi8TQPf0mczhEeyAtMzg==
    dependencies:
      chalk "^2.4.1"
      commitizen "^4.0.3"
      conventional-commit-types "^3.0.0"
      lodash.map "^4.5.1"
      longest "^2.0.1"
      word-wrap "^1.0.3"
    optionalDependencies:
      "@commitlint/load" ">6.1.1"
  
  cz-customizable@^6.3.0:
    version "6.3.0"
    resolved "https://registry.npmjs.org/cz-customizable/-/cz-customizable-6.3.0.tgz#1b24e5b84e1fccaa18ad837612b233b8c51d7882"
    integrity sha512-MWGmWa45v4Ds3NJNNwQc3GCFdjtH3k4ypDWoWkwultMVLf7aOHR9VaXGYGZHLOQS4sMfbkBSjNUYoXCSmLuRSA==
    dependencies:
      editor "1.0.0"
      find-config "^1.0.0"
      inquirer "^6.3.1"
      lodash "^4.17.19"
      temp "^0.9.0"
      word-wrap "^1.2.3"
  
  d3-array@1:
    version "1.2.4"
    resolved "https://registry.npmjs.org/d3-array/-/d3-array-1.2.4.tgz#635ce4d5eea759f6f605863dbcfc30edc737f71f"
    integrity sha512-KHW6M86R+FUPYGb3R5XiYjXPq7VzwxZ22buHhAEVG5ztoEcZZMLov530mmccaqA1GghZArjQV46fuc8kUqhhHw==
  
  d3-array@^2.5.0:
    version "2.12.1"
    resolved "https://registry.npmjs.org/d3-array/-/d3-array-2.12.1.tgz#e20b41aafcdffdf5d50928004ececf815a465e81"
    integrity sha512-B0ErZK/66mHtEsR1TkPEEkwdy+WDesimkM5gpZr5Dsg54BiTA5RXtYW5qTLIAcekaS9xfZrzBLF/OAkB3Qn1YQ==
    dependencies:
      internmap "^1.0.0"
  
  d3-collection@1:
    version "1.0.7"
    resolved "https://registry.npmjs.org/d3-collection/-/d3-collection-1.0.7.tgz#349bd2aa9977db071091c13144d5e4f16b5b310e"
    integrity sha512-ii0/r5f4sjKNTfh84Di+DpztYwqKhEyUlKoPrzUFfeSkWxjW49xU2QzO9qrPrNkpdI0XJkfzvmTu8V2Zylln6A==
  
  d3-color@1:
    version "1.4.1"
    resolved "https://registry.npmjs.org/d3-color/-/d3-color-1.4.1.tgz#c52002bf8846ada4424d55d97982fef26eb3bc8a"
    integrity sha512-p2sTHSLCJI2QKunbGb7ocOh7DgTAn8IrLx21QRc/BSnodXM4sv6aLQlnfpvehFMLZEfBc6g9pH9SWQccFYfJ9Q==
  
  d3-composite-projections@^1.2.0:
    version "1.4.0"
    resolved "https://registry.npmjs.org/d3-composite-projections/-/d3-composite-projections-1.4.0.tgz#27b182fa635a5869349fe911ce0180b974d17f12"
    integrity sha512-csygyxdRfy7aUYRPea23veM6sjisdHI+DNd0nHcAGMd2LyL2lklr+xLRzHiJ+hy1HGp6YgAtbqdJR8CsLolrNQ==
    dependencies:
      d3-geo "^2.0.1"
      d3-path "^2.0.0"
  
  d3-dsv@^1.0.5:
    version "1.2.0"
    resolved "https://registry.npmjs.org/d3-dsv/-/d3-dsv-1.2.0.tgz#9d5f75c3a5f8abd611f74d3f5847b0d4338b885c"
    integrity sha512-9yVlqvZcSOMhCYzniHE7EVUws7Fa1zgw+/EAV2BxJoG3ME19V6BQFBwI855XQDsxyOuG7NibqRMTtiF/Qup46g==
    dependencies:
      commander "2"
      iconv-lite "0.4"
      rw "1"
  
  d3-ease@^1.0.5:
    version "1.0.7"
    resolved "https://registry.npmjs.org/d3-ease/-/d3-ease-1.0.7.tgz#9a834890ef8b8ae8c558b2fe55bd57f5993b85e2"
    integrity sha512-lx14ZPYkhNx0s/2HX5sLFUI3mbasHjSSpwO/KaaNACweVwxUruKyWVcb293wMv1RqTPZyZ8kSZ2NogUZNcLOFQ==
  
  d3-geo-projection@~2.1.2:
    version "2.1.2"
    resolved "https://registry.npmjs.org/d3-geo-projection/-/d3-geo-projection-2.1.2.tgz#7df8e1e9d046d631c6509f7e531357d4adc24aa3"
    integrity sha1-ffjh6dBG1jHGUJ9+UxNX1K3CSqM=
    dependencies:
      commander "2"
      d3-array "1"
      d3-geo "^1.1.0"
  
  d3-geo@^1.1.0:
    version "1.12.1"
    resolved "https://registry.npmjs.org/d3-geo/-/d3-geo-1.12.1.tgz#7fc2ab7414b72e59fbcbd603e80d9adc029b035f"
    integrity sha512-XG4d1c/UJSEX9NfU02KwBL6BYPj8YKHxgBEw5om2ZnTRSbIcego6dhHwcxuSR3clxh0EpE38os1DVPOmnYtTPg==
    dependencies:
      d3-array "1"
  
  d3-geo@^2.0.1:
    version "2.0.2"
    resolved "https://registry.npmjs.org/d3-geo/-/d3-geo-2.0.2.tgz#c065c1b71fe8c5f1be657e5f43d9bdd010383c40"
    integrity sha512-8pM1WGMLGFuhq9S+FpPURxic+gKzjluCD/CHTuUF3mXMeiCo0i6R0tO1s4+GArRFde96SLcW/kOFRjoAosPsFA==
    dependencies:
      d3-array "^2.5.0"
  
  d3-geo@~1.6.4:
    version "1.6.4"
    resolved "https://registry.npmjs.org/d3-geo/-/d3-geo-1.6.4.tgz#f20e1e461cb1845f5a8be55ab6f876542a7e3199"
    integrity sha1-8g4eRhyxhF9ai+Vatvh2VCp+MZk=
    dependencies:
      d3-array "1"
  
  d3-hexjson@^1.0.1:
    version "1.1.1"
    resolved "https://registry.npmjs.org/d3-hexjson/-/d3-hexjson-1.1.1.tgz#a1e264ff903bb09b8f8f4bc59c72447a91f460fe"
    integrity sha512-WMF1juFJwAx6LzdEVKlsCGZz+7QUG7VMJDtg8uD3cfNwWOTgMiy6qBRRGU7LSY2KbmEObu3BV5ZQbq9l/BvUZQ==
    dependencies:
      d3-array "1"
  
  d3-hierarchy@^1.1.5:
    version "1.1.9"
    resolved "https://registry.npmjs.org/d3-hierarchy/-/d3-hierarchy-1.1.9.tgz#2f6bee24caaea43f8dc37545fa01628559647a83"
    integrity sha512-j8tPxlqh1srJHAtxfvOUwKNYJkQuBFdM1+JAUfq6xqH5eAqf93L7oG1NVqDa4CpFZNvnNKtCYEUC8KY9yEn9lQ==
  
  d3-hierarchy@^2.0.0:
    version "2.0.0"
    resolved "https://registry.npmjs.org/d3-hierarchy/-/d3-hierarchy-2.0.0.tgz#dab88a58ca3e7a1bc6cab390e89667fcc6d20218"
    integrity sha512-SwIdqM3HxQX2214EG9GTjgmCc/mbSx4mQBn+DuEETubhOw6/U3fmnji4uCVrmzOydMHSO1nZle5gh6HB/wdOzw==
  
  d3-interpolate@^1.3.2:
    version "1.4.0"
    resolved "https://registry.npmjs.org/d3-interpolate/-/d3-interpolate-1.4.0.tgz#526e79e2d80daa383f9e0c1c1c7dcc0f0583e987"
    integrity sha512-V9znK0zc3jOPV4VD2zZn0sDhZU3WAE2bmlxdIwwQPPzPjvyLkd8B3JUVdS1IDUFDkWZ72c9qnv1GK2ZagTZ8EA==
    dependencies:
      d3-color "1"
  
  d3-path@1:
    version "1.0.9"
    resolved "https://registry.npmjs.org/d3-path/-/d3-path-1.0.9.tgz#48c050bb1fe8c262493a8caf5524e3e9591701cf"
    integrity sha512-VLaYcn81dtHVTjEHd8B+pbe9yHWpXKZUC87PzoFmsFrJqgFwDe/qxfp5MlfsfM1V5E/iVt0MmEbWQ7FVIXh/bg==
  
  d3-path@^2.0.0:
    version "2.0.0"
    resolved "https://registry.npmjs.org/d3-path/-/d3-path-2.0.0.tgz#55d86ac131a0548adae241eebfb56b4582dd09d8"
    integrity sha512-ZwZQxKhBnv9yHaiWd6ZU4x5BtCQ7pXszEV9CU6kRgwIQVQGLMv1oiL4M+MK/n79sYzsj+gcgpPQSctJUsLN7fA==
  
  d3-regression@^1.3.5:
    version "1.3.10"
    resolved "https://registry.npmjs.org/d3-regression/-/d3-regression-1.3.10.tgz#d1a411ab45044d9e8d5b8aec05f2e598e1a621c9"
    integrity sha512-PF8GWEL70cHHWpx2jUQXc68r1pyPHIA+St16muk/XRokETzlegj5LriNKg7o4LR0TySug4nHYPJNNRz/W+/Niw==
  
  d3-sankey@^0.9.1:
    version "0.9.1"
    resolved "https://registry.npmjs.org/d3-sankey/-/d3-sankey-0.9.1.tgz#b850145a3284111636ddec90dfda8c64919bee4e"
    integrity sha512-nnRkDaUMjBdeuGg+kWGdA+tjG1AVTnJ+Ykw7ff7CZHVI17Hm5sy8n0UXykVffn13aNHwK5wPOdOt1gS1ZEaF+A==
    dependencies:
      d3-array "1"
      d3-collection "1"
      d3-shape "^1.2.0"
  
  d3-shape@^1.2.0:
    version "1.3.7"
    resolved "https://registry.npmjs.org/d3-shape/-/d3-shape-1.3.7.tgz#df63801be07bc986bc54f63789b4fe502992b5d7"
    integrity sha512-EUkvKjqPFUAZyOlhY5gzCxCeI0Aep04LwIRpsZ/mLFelJiUfnK56jo5JMDSE7yyP2kLSb6LtF+S5chMk7uqPqw==
    dependencies:
      d3-path "1"
  
  d3-timer@^1.0.9:
    version "1.0.10"
    resolved "https://registry.npmjs.org/d3-timer/-/d3-timer-1.0.10.tgz#dfe76b8a91748831b13b6d9c793ffbd508dd9de5"
    integrity sha512-B1JDm0XDaQC+uvo4DT79H0XmBskgS3l6Ve+1SBCfxgmtIb1AVrPIoqd+nPSv+loMX8szQ0sVUhGngL7D5QPiXw==
  
  d3-voronoi@^1.1.2:
    version "1.1.4"
    resolved "https://registry.npmjs.org/d3-voronoi/-/d3-voronoi-1.1.4.tgz#dd3c78d7653d2bb359284ae478645d95944c8297"
    integrity sha512-dArJ32hchFsrQ8uMiTBLq256MpnZjeuBtdHpaDlYuQyjU0CVzCJl/BVW+SkszaAeH95D/8gxqAhgx0ouAWAfRg==
  
  dagre@^0.8.2:
    version "0.8.5"
    resolved "https://registry.npmjs.org/dagre/-/dagre-0.8.5.tgz#ba30b0055dac12b6c1fcc247817442777d06afee"
    integrity sha512-/aTqmnRta7x7MCCpExk7HQL2O4owCT2h8NT//9I1OQ9vt29Pa0BzSAkR5lwFUcQ7491yVi/3CXU9jQ5o0Mn2Sw==
    dependencies:
      graphlib "^2.1.8"
      lodash "^4.17.15"
  
  dargs@^7.0.0:
    version "7.0.0"
    resolved "https://registry.npmjs.org/dargs/-/dargs-7.0.0.tgz#04015c41de0bcb69ec84050f3d9be0caf8d6d5cc"
    integrity sha512-2iy1EkLdlBzQGvbweYRFxmFath8+K7+AKB0TlhHWkNuH+TmovaMH/Wp7V7R4u7f4SnX3OgLsU9t1NI9ioDnUpg==
  
  dayjs@^1.10.7, dayjs@^1.11.0:
    version "1.11.1"
    resolved "https://registry.npmjs.org/dayjs/-/dayjs-1.11.1.tgz#90b33a3dda3417258d48ad2771b415def6545eb0"
    integrity sha512-ER7EjqVAMkRRsxNCC5YqJ9d9VQYuWdGt7aiH2qA5R5wt8ZmWaP2dLUSIK6y/kVzLMlmh1Tvu5xUf4M/wdGJ5KA==
  
  debug@^2.6.9:
    version "2.6.9"
    resolved "https://registry.npmjs.org/debug/-/debug-2.6.9.tgz#5d128515df134ff327e90a4c93f4e077a536341f"
    integrity sha512-bC7ElrdJaJnPbAP+1EotYvqZsb3ecl5wi6Bfi6BJTUcNowp6cvspg0jXznRTKDjm/E7AdgFBVeAPVMNcKGsHMA==
    dependencies:
      ms "2.0.0"
  
  debug@^3.1.0, debug@^3.2.7:
    version "3.2.7"
    resolved "https://registry.npmjs.org/debug/-/debug-3.2.7.tgz#72580b7e9145fb39b6676f9c5e5fb100b934179a"
    integrity sha512-CFjzYYAi4ThfiQvizrFQevTTXHtnCqWfe7x1AhgEscTz6ZbLbfoLRLPugTQyBth6f8ZERVUSyWHFD/7Wu4t1XQ==
    dependencies:
      ms "^2.1.1"
  
  debug@^4.0.1, debug@^4.1.1, debug@^4.2.0, debug@^4.3.1, debug@^4.3.4:
    version "4.3.4"
    resolved "https://registry.npmjs.org/debug/-/debug-4.3.4.tgz#1319f6579357f2338d3337d2cdd4914bb5dcc865"
    integrity sha512-PRWFHuSU3eDtQJPvnNY7Jcket1j0t5OuOsFzPPzsekD52Zl8qUfFIPEiswXqIvHWGVHOgX+7G/vCNNhehwxfkQ==
    dependencies:
      ms "2.1.2"
  
  debug@~3.1.0:
    version "3.1.0"
    resolved "https://registry.npmjs.org/debug/-/debug-3.1.0.tgz#5bb5a0672628b64149566ba16819e61518c67261"
    integrity sha512-OX8XqP7/1a9cqkxYw2yXss15f26NKWBpDXQd0/uK/KPqdQhxbPa994hnzjcE2VqQpDslf55723cKPUOGSmMY3g==
    dependencies:
      ms "2.0.0"
  
  decamelize-keys@^1.1.0:
    version "1.1.0"
    resolved "https://registry.npmjs.org/decamelize-keys/-/decamelize-keys-1.1.0.tgz#d171a87933252807eb3cb61dc1c1445d078df2d9"
    integrity sha1-0XGoeTMlKAfrPLYdwcFEXQeN8tk=
    dependencies:
      decamelize "^1.1.0"
      map-obj "^1.0.0"
  
  decamelize@^1.0.0, decamelize@^1.1.0:
    version "1.2.0"
    resolved "https://registry.npmjs.org/decamelize/-/decamelize-1.2.0.tgz#f6534d15148269b20352e7bee26f501f9a191290"
    integrity sha1-9lNNFRSCabIDUue+4m9QH5oZEpA=
  
  decode-uri-component@^0.2.0:
    version "0.2.0"
    resolved "https://registry.npmjs.org/decode-uri-component/-/decode-uri-component-0.2.0.tgz#eb3913333458775cb84cd1a1fae062106bb87545"
    integrity sha1-6zkTMzRYd1y4TNGh+uBiEGu4dUU=
  
  dedent@0.7.0, dedent@^0.7.0:
    version "0.7.0"
    resolved "https://registry.npmjs.org/dedent/-/dedent-0.7.0.tgz#2495ddbaf6eb874abb0e1be9df22d2e5a544326c"
    integrity sha1-JJXduvbrh0q7Dhvp3yLS5aVEMmw=
  
  deep-equal@~1.1.1:
    version "1.1.1"
    resolved "https://registry.npmjs.org/deep-equal/-/deep-equal-1.1.1.tgz#b5c98c942ceffaf7cb051e24e1434a25a2e6076a"
    integrity sha512-yd9c5AdiqVcR+JjcwUQb9DkhJc8ngNr0MahEBGvDiJw8puWab2yZlh+nkasOnZP+EGTAP6rRp2JzJhJZzvNF8g==
    dependencies:
      is-arguments "^1.0.4"
      is-date-object "^1.0.1"
      is-regex "^1.0.4"
      object-is "^1.0.1"
      object-keys "^1.1.1"
      regexp.prototype.flags "^1.2.0"
  
  deep-is@^0.1.3:
    version "0.1.4"
    resolved "https://registry.npmjs.org/deep-is/-/deep-is-0.1.4.tgz#a6f2dce612fadd2ef1f519b73551f17e85199831"
    integrity sha512-oIPzksmTg4/MriiaYGO+okXDT7ztn/w3Eptv/+gSIdMdKsJo0u4CfYNFJPy+4SKMuCqGw2wxnA+URMg3t8a/bQ==
  
  define-properties@^1.1.3:
    version "1.1.4"
    resolved "https://registry.npmjs.org/define-properties/-/define-properties-1.1.4.tgz#0b14d7bd7fbeb2f3572c3a7eda80ea5d57fb05b1"
    integrity sha512-uckOqKcfaVvtBdsVkdPv3XjveQJsNQqmhXgRi8uhvWWuPYZCNlzT8qAyblUgNoXdHdjMTzAqeGjAoli8f+bzPA==
    dependencies:
      has-property-descriptors "^1.0.0"
      object-keys "^1.1.1"
  
  defined@~1.0.0:
    version "1.0.0"
    resolved "https://registry.npmjs.org/defined/-/defined-1.0.0.tgz#c98d9bcef75674188e110969151199e39b1fa693"
    integrity sha1-yY2bzvdWdBiOEQlpFRGZ45sfppM=
  
  delegate@^3.1.2:
    version "3.2.0"
    resolved "https://registry.npmjs.org/delegate/-/delegate-3.2.0.tgz#b66b71c3158522e8ab5744f720d8ca0c2af59166"
    integrity sha512-IofjkYBZaZivn0V8nnsMJGBr4jVLxHDheKSW88PyxS5QC4Vo9ZbZVvhzlSxY87fVq3STR6r+4cGepyHkcWOQSw==
  
  detect-browser@^5.0.0, detect-browser@^5.1.0:
    version "5.3.0"
    resolved "https://registry.npmjs.org/detect-browser/-/detect-browser-5.3.0.tgz#9705ef2bddf46072d0f7265a1fe300e36fe7ceca"
    integrity sha512-53rsFbGdwMwlF7qvCt0ypLM5V5/Mbl0szB7GPN8y9NCcbknYOeVVXdrXEq+90IwAfrrzt6Hd+u2E2ntakICU8w==
  
  detect-file@^1.0.0:
    version "1.0.0"
    resolved "https://registry.npmjs.org/detect-file/-/detect-file-1.0.0.tgz#f0d66d03672a825cb1b73bdb3fe62310c8e552b7"
    integrity sha1-8NZtA2cqglyxtzvbP+YjEMjlUrc=
  
  detect-indent@6.0.0:
    version "6.0.0"
    resolved "https://registry.npmjs.org/detect-indent/-/detect-indent-6.0.0.tgz#0abd0f549f69fc6659a254fe96786186b6f528fd"
    integrity sha512-oSyFlqaTHCItVRGK5RmrmjB+CmaMOW7IaNA/kdxqhoa6d17j/5ce9O9eWXmV/KEdRwqpQA+Vqe8a8Bsybu4YnA==
  
  diagram-js-direct-editing@^1.6.1:
    version "1.6.4"
    resolved "https://registry.npmjs.org/diagram-js-direct-editing/-/diagram-js-direct-editing-1.6.4.tgz#afbef7ede3e0703cd694407c00ead388681fe4f4"
    integrity sha512-yn5l/Q4jl1QI8CDN1mYSV08/O0srSDl3eM8yOv6ZWVu76Ig3IDUHzIw9tYQaifw0slRYFoLW3AxYNirH0mKakg==
    dependencies:
      min-dash "^3.5.2"
      min-dom "^3.1.3"
  
  diagram-js@^6.8.2:
    version "6.8.2"
    resolved "https://registry.npmjs.org/diagram-js/-/diagram-js-6.8.2.tgz#d3c37915c62c0cc5d95bc533098c8a35b38e67be"
    integrity sha512-5EKYHjW2mmGsn9/jSenSkm8cScK5sO9eETBRQNIIzgZjxBDJn6eX964L2d7/vrAW9SeuijGUsztL9+NUinSsNg==
    dependencies:
      css.escape "^1.5.1"
      didi "^4.0.0"
      hammerjs "^2.0.1"
      inherits "^2.0.1"
      min-dash "^3.5.0"
      min-dom "^3.1.2"
      object-refs "^0.3.0"
      path-intersection "^2.2.0"
      tiny-svg "^2.2.1"
  
  didi@^4.0.0:
    version "4.0.0"
    resolved "https://registry.npmjs.org/didi/-/didi-4.0.0.tgz#2b89d892a67fd3777f7642d3bf06697b69e9b622"
    integrity sha512-AzMElh8mCHOPWPCWfGjoJRla31fMXUT6+287W5ef3IPmtuBcyG9+MkFS7uPP6v3t2Cl086KwWfRB9mESa0OsHQ==
  
  diff@^4.0.1:
    version "4.0.2"
    resolved "https://registry.npmjs.org/diff/-/diff-4.0.2.tgz#60f3aecb89d5fae520c11aa19efc2bb982aade7d"
    integrity sha512-58lmxKSA4BNyLz+HHMUzlOEpg09FV+ev6ZMe3vJihgdxzgcwZ8VoEEPmALCZG9LmqfVoNMMKpttIYTVG6uDY7A==
  
  dir-glob@^3.0.1:
    version "3.0.1"
    resolved "https://registry.npmjs.org/dir-glob/-/dir-glob-3.0.1.tgz#56dbf73d992a4a93ba1584f4534063fd2e41717f"
    integrity sha512-WkrWp9GR4KXfKGYzOLmTuGVi1UWFfws377n9cc55/tb6DuqyF6pcQ5AbiHEshaDpY9v6oaSr2XCDidGmMwdzIA==
    dependencies:
      path-type "^4.0.0"
  
  doctrine@^2.1.0:
    version "2.1.0"
    resolved "https://registry.npmjs.org/doctrine/-/doctrine-2.1.0.tgz#5cd01fc101621b42c4cd7f5d1a66243716d3f39d"
    integrity sha512-35mSku4ZXK0vfCuHEDAwt55dg2jNajHZ1odvF+8SSr82EsZY4QmXfuWso8oEd8zRhVObSN18aM0CjSdoBX7zIw==
    dependencies:
      esutils "^2.0.2"
  
  doctrine@^3.0.0:
    version "3.0.0"
    resolved "https://registry.npmjs.org/doctrine/-/doctrine-3.0.0.tgz#addebead72a6574db783639dc87a121773973961"
    integrity sha512-yS+Q5i3hBf7GBkd4KG8a7eBNNWNGLTaEwwYWUijIYM7zrlYDM0BFXHjjPWlWZ1Rg7UaddZeIDmi9jF3HmqiQ2w==
    dependencies:
      esutils "^2.0.2"
  
  domify@^1.3.1:
    version "1.4.1"
    resolved "https://registry.npmjs.org/domify/-/domify-1.4.1.tgz#2e1e813019646715deeb8d3c5de4d3ef7bddd07e"
    integrity sha512-x18nuiDHMCZGXr4KJSRMf/TWYtiaRo6RX8KN9fEbW54mvbQ6pieUuerC2ahBg+kEp1wycFj8MPUI0WkIOw5E9w==
  
  dot-prop@^5.1.0:
    version "5.3.0"
    resolved "https://registry.npmjs.org/dot-prop/-/dot-prop-5.3.0.tgz#90ccce708cd9cd82cc4dc8c3ddd9abdd55b20e88"
    integrity sha512-QM8q3zDe58hqUqjraQOmzZ1LIH9SWQJTlEKCH4kJ2oQvLZk7RbQXvtDM2XEq3fwkV9CCvvH4LA0AV+ogFsBM2Q==
    dependencies:
      is-obj "^2.0.0"
  
  dotignore@~0.1.2:
    version "0.1.2"
    resolved "https://registry.npmjs.org/dotignore/-/dotignore-0.1.2.tgz#f942f2200d28c3a76fbdd6f0ee9f3257c8a2e905"
    integrity sha512-UGGGWfSauusaVJC+8fgV+NVvBXkCTmVv7sk6nojDZZvuOUNGUy0Zk4UpHQD6EDjS0jpBwcACvH4eofvyzBcRDw==
    dependencies:
      minimatch "^3.0.4"
  
  duplexer2@~0.1.4:
    version "0.1.4"
    resolved "https://registry.npmjs.org/duplexer2/-/duplexer2-0.1.4.tgz#8b12dab878c0d69e3e7891051662a32fc6bddcc1"
    integrity sha1-ixLauHjA1p4+eJEFFmKjL8a93ME=
    dependencies:
      readable-stream "^2.0.2"
  
  echarts@^5.1.1:
    version "5.3.2"
    resolved "https://registry.npmjs.org/echarts/-/echarts-5.3.2.tgz#0a7b3be8c48a48b2e7cb1b82121df0c208d42d2c"
    integrity sha512-LWCt7ohOKdJqyiBJ0OGBmE9szLdfA9sGcsMEi+GGoc6+Xo75C+BkcT/6NNGRHAWtnQl2fNow05AQjznpap28TQ==
    dependencies:
      tslib "2.3.0"
      zrender "5.3.1"
  
  editor@1.0.0:
    version "1.0.0"
    resolved "https://registry.npmjs.org/editor/-/editor-1.0.0.tgz#60c7f87bd62bcc6a894fa8ccd6afb7823a24f742"
    integrity sha1-YMf4e9YrzGqJT6jM1q+3gjok90I=
  
  element-china-area-data@^5.0.2:
    version "5.0.2"
    resolved "https://registry.npmjs.org/element-china-area-data/-/element-china-area-data-5.0.2.tgz#006c26594b8865cb619994063c732562e4583d30"
    integrity sha512-vLQuvOKJy/uiX7MRHEk3x/j09hipuIl6DJ/C4XFUG7D7Pj3O47sy+Y6aAArM6k9v8cD9UX6e+yz2S4J+IPnZ8g==
    dependencies:
      china-area-data "^5.0.1"
      lodash-es "^4.17.15"
  
  element-plus@^2.1.10:
    version "2.1.10"
    resolved "https://registry.npmjs.org/element-plus/-/element-plus-2.1.10.tgz#3251745714416a3184d78c3d93474a8abc97c6b8"
    integrity sha512-sS9OMgP20dlYipmzHlEEgCJU+ID7+03YpRpoJWNQEH736C6ArmDMLnGFe8DUjPvwbUEXRA2d0Eo5d0apFgkSqg==
    dependencies:
      "@ctrl/tinycolor" "^3.4.1"
      "@element-plus/icons-vue" "^1.1.4"
      "@floating-ui/dom" "^0.4.4"
      "@popperjs/core" "^2.11.5"
      "@types/lodash" "^4.14.181"
      "@types/lodash-es" "^4.17.6"
      "@vueuse/core" "^8.2.5"
      async-validator "^4.0.7"
      dayjs "^1.11.0"
      escape-html "^1.0.3"
      lodash "^4.17.21"
      lodash-es "^4.17.21"
      lodash-unified "^1.0.2"
      memoize-one "^6.0.0"
      normalize-wheel-es "^1.1.2"
  
  emoji-regex@^8.0.0:
    version "8.0.0"
    resolved "https://registry.npmjs.org/emoji-regex/-/emoji-regex-8.0.0.tgz#e818fd69ce5ccfcb404594f842963bf53164cc37"
    integrity sha512-MSjYzcWNOA0ewAHpz0MxpYFvwg6yjy1NG3xteoqz644VCo/RPgnr1/GGt+ic3iJTzQ8Eu3TdM14SawnVUmGE6A==
  
  end-of-stream@^1.1.0:
    version "1.4.4"
    resolved "https://registry.npmjs.org/end-of-stream/-/end-of-stream-1.4.4.tgz#5ae64a5f45057baf3626ec14da0ca5e4b2431eb0"
    integrity sha512-+uw1inIHVPQoaVuHzRyXd21icM+cnt4CzD5rW+NC1wjOUSTOs+Te7FOv7AhN7vS9x/oIyhLP5PR1H+phQAHu5Q==
    dependencies:
      once "^1.4.0"
  
  enquirer@^2.3.5, enquirer@^2.3.6:
    version "2.3.6"
    resolved "https://registry.npmjs.org/enquirer/-/enquirer-2.3.6.tgz#2a7fe5dd634a1e4125a975ec994ff5456dc3734d"
    integrity sha512-yjNnPr315/FjS4zIsUxYguYUPP2e1NK4d7E7ZOLiyYCcbFBiTMyID+2wvm2w6+pZ/odMA7cRkjhsPbltwBOrLg==
    dependencies:
      ansi-colors "^4.1.1"
  
  error-ex@^1.3.1:
    version "1.3.2"
    resolved "https://registry.npmjs.org/error-ex/-/error-ex-1.3.2.tgz#b4ac40648107fdcdcfae242f428bea8a14d4f1bf"
    integrity sha512-7dFHNmqeFSEt2ZBsCriorKnn3Z2pj+fd9kmI6QoWw4//DL+icEBfc0U7qJCisqrTsKTjw4fNFy2pW9OqStD84g==
    dependencies:
      is-arrayish "^0.2.1"
  
  es-abstract@^1.19.1, es-abstract@^1.19.2:
    version "1.19.5"
    resolved "https://registry.npmjs.org/es-abstract/-/es-abstract-1.19.5.tgz#a2cb01eb87f724e815b278b0dd0d00f36ca9a7f1"
    integrity sha512-Aa2G2+Rd3b6kxEUKTF4TaW67czBLyAv3z7VOhYRU50YBx+bbsYZ9xQP4lMNazePuFlybXI0V4MruPos7qUo5fA==
    dependencies:
      call-bind "^1.0.2"
      es-to-primitive "^1.2.1"
      function-bind "^1.1.1"
      get-intrinsic "^1.1.1"
      get-symbol-description "^1.0.0"
      has "^1.0.3"
      has-symbols "^1.0.3"
      internal-slot "^1.0.3"
      is-callable "^1.2.4"
      is-negative-zero "^2.0.2"
      is-regex "^1.1.4"
      is-shared-array-buffer "^1.0.2"
      is-string "^1.0.7"
      is-weakref "^1.0.2"
      object-inspect "^1.12.0"
      object-keys "^1.1.1"
      object.assign "^4.1.2"
      string.prototype.trimend "^1.0.4"
      string.prototype.trimstart "^1.0.4"
      unbox-primitive "^1.0.1"
  
  es-shim-unscopables@^1.0.0:
    version "1.0.0"
    resolved "https://registry.npmjs.org/es-shim-unscopables/-/es-shim-unscopables-1.0.0.tgz#702e632193201e3edf8713635d083d378e510241"
    integrity sha512-Jm6GPcCdC30eMLbZ2x8z2WuRwAws3zTBBKuusffYVUrNj/GVSUAZ+xKMaUpfNDR5IbyNA5LJbaecoUVbmUcB1w==
    dependencies:
      has "^1.0.3"
  
  es-to-primitive@^1.2.1:
    version "1.2.1"
    resolved "https://registry.npmjs.org/es-to-primitive/-/es-to-primitive-1.2.1.tgz#e55cd4c9cdc188bcefb03b366c736323fc5c898a"
    integrity sha512-QCOllgZJtaUo9miYBcLChTUaHNjJF3PYs1VidD7AwiEj1kYxKeQTctLAezAOH5ZKRH0g2IgPn6KwB4IT8iRpvA==
    dependencies:
      is-callable "^1.1.4"
      is-date-object "^1.0.1"
      is-symbol "^1.0.2"
  
  esbuild-android-64@0.14.38:
    version "0.14.38"
    resolved "https://registry.npmjs.org/esbuild-android-64/-/esbuild-android-64-0.14.38.tgz#5b94a1306df31d55055f64a62ff6b763a47b7f64"
    integrity sha512-aRFxR3scRKkbmNuGAK+Gee3+yFxkTJO/cx83Dkyzo4CnQl/2zVSurtG6+G86EQIZ+w+VYngVyK7P3HyTBKu3nw==
  
  esbuild-android-arm64@0.14.38:
    version "0.14.38"
    resolved "https://registry.npmjs.org/esbuild-android-arm64/-/esbuild-android-arm64-0.14.38.tgz#78acc80773d16007de5219ccce544c036abd50b8"
    integrity sha512-L2NgQRWuHFI89IIZIlpAcINy9FvBk6xFVZ7xGdOwIm8VyhX1vNCEqUJO3DPSSy945Gzdg98cxtNt8Grv1CsyhA==
  
  esbuild-darwin-64@0.14.38:
    version "0.14.38"
    resolved "https://registry.npmjs.org/esbuild-darwin-64/-/esbuild-darwin-64-0.14.38.tgz#e02b1291f629ebdc2aa46fabfacc9aa28ff6aa46"
    integrity sha512-5JJvgXkX87Pd1Og0u/NJuO7TSqAikAcQQ74gyJ87bqWRVeouky84ICoV4sN6VV53aTW+NE87qLdGY4QA2S7KNA==
  
  esbuild-darwin-arm64@0.14.38:
    version "0.14.38"
    resolved "https://registry.npmjs.org/esbuild-darwin-arm64/-/esbuild-darwin-arm64-0.14.38.tgz#01eb6650ec010b18c990e443a6abcca1d71290a9"
    integrity sha512-eqF+OejMI3mC5Dlo9Kdq/Ilbki9sQBw3QlHW3wjLmsLh+quNfHmGMp3Ly1eWm981iGBMdbtSS9+LRvR2T8B3eQ==
  
  esbuild-freebsd-64@0.14.38:
    version "0.14.38"
    resolved "https://registry.npmjs.org/esbuild-freebsd-64/-/esbuild-freebsd-64-0.14.38.tgz#790b8786729d4aac7be17648f9ea8e0e16475b5e"
    integrity sha512-epnPbhZUt93xV5cgeY36ZxPXDsQeO55DppzsIgWM8vgiG/Rz+qYDLmh5ts3e+Ln1wA9dQ+nZmVHw+RjaW3I5Ig==
  
  esbuild-freebsd-arm64@0.14.38:
    version "0.14.38"
    resolved "https://registry.npmjs.org/esbuild-freebsd-arm64/-/esbuild-freebsd-arm64-0.14.38.tgz#b66340ab28c09c1098e6d9d8ff656db47d7211e6"
    integrity sha512-/9icXUYJWherhk+y5fjPI5yNUdFPtXHQlwP7/K/zg8t8lQdHVj20SqU9/udQmeUo5pDFHMYzcEFfJqgOVeKNNQ==
  
  esbuild-linux-32@0.14.38:
    version "0.14.38"
    resolved "https://registry.npmjs.org/esbuild-linux-32/-/esbuild-linux-32-0.14.38.tgz#7927f950986fd39f0ff319e92839455912b67f70"
    integrity sha512-QfgfeNHRFvr2XeHFzP8kOZVnal3QvST3A0cgq32ZrHjSMFTdgXhMhmWdKzRXP/PKcfv3e2OW9tT9PpcjNvaq6g==
  
  esbuild-linux-64@0.14.38:
    version "0.14.38"
    resolved "https://registry.npmjs.org/esbuild-linux-64/-/esbuild-linux-64-0.14.38.tgz#4893d07b229d9cfe34a2b3ce586399e73c3ac519"
    integrity sha512-uuZHNmqcs+Bj1qiW9k/HZU3FtIHmYiuxZ/6Aa+/KHb/pFKr7R3aVqvxlAudYI9Fw3St0VCPfv7QBpUITSmBR1Q==
  
  esbuild-linux-arm64@0.14.38:
    version "0.14.38"
    resolved "https://registry.npmjs.org/esbuild-linux-arm64/-/esbuild-linux-arm64-0.14.38.tgz#8442402e37d0b8ae946ac616784d9c1a2041056a"
    integrity sha512-HlMGZTEsBrXrivr64eZ/EO0NQM8H8DuSENRok9d+Jtvq8hOLzrxfsAT9U94K3KOGk2XgCmkaI2KD8hX7F97lvA==
  
  esbuild-linux-arm@0.14.38:
    version "0.14.38"
    resolved "https://registry.npmjs.org/esbuild-linux-arm/-/esbuild-linux-arm-0.14.38.tgz#d5dbf32d38b7f79be0ec6b5fb2f9251fd9066986"
    integrity sha512-FiFvQe8J3VKTDXG01JbvoVRXQ0x6UZwyrU4IaLBZeq39Bsbatd94Fuc3F1RGqPF5RbIWW7RvkVQjn79ejzysnA==
  
  esbuild-linux-mips64le@0.14.38:
    version "0.14.38"
    resolved "https://registry.npmjs.org/esbuild-linux-mips64le/-/esbuild-linux-mips64le-0.14.38.tgz#95081e42f698bbe35d8ccee0e3a237594b337eb5"
    integrity sha512-qd1dLf2v7QBiI5wwfil9j0HG/5YMFBAmMVmdeokbNAMbcg49p25t6IlJFXAeLzogv1AvgaXRXvgFNhScYEUXGQ==
  
  esbuild-linux-ppc64le@0.14.38:
    version "0.14.38"
    resolved "https://registry.npmjs.org/esbuild-linux-ppc64le/-/esbuild-linux-ppc64le-0.14.38.tgz#dceb0a1b186f5df679618882a7990bd422089b47"
    integrity sha512-mnbEm7o69gTl60jSuK+nn+pRsRHGtDPfzhrqEUXyCl7CTOCLtWN2bhK8bgsdp6J/2NyS/wHBjs1x8aBWwP2X9Q==
  
  esbuild-linux-riscv64@0.14.38:
    version "0.14.38"
    resolved "https://registry.npmjs.org/esbuild-linux-riscv64/-/esbuild-linux-riscv64-0.14.38.tgz#61fb8edb75f475f9208c4a93ab2bfab63821afd2"
    integrity sha512-+p6YKYbuV72uikChRk14FSyNJZ4WfYkffj6Af0/Tw63/6TJX6TnIKE+6D3xtEc7DeDth1fjUOEqm+ApKFXbbVQ==
  
  esbuild-linux-s390x@0.14.38:
    version "0.14.38"
    resolved "https://registry.npmjs.org/esbuild-linux-s390x/-/esbuild-linux-s390x-0.14.38.tgz#34c7126a4937406bf6a5e69100185fd702d12fe0"
    integrity sha512-0zUsiDkGJiMHxBQ7JDU8jbaanUY975CdOW1YDrurjrM0vWHfjv9tLQsW9GSyEb/heSK1L5gaweRjzfUVBFoybQ==
  
  esbuild-netbsd-64@0.14.38:
    version "0.14.38"
    resolved "https://registry.npmjs.org/esbuild-netbsd-64/-/esbuild-netbsd-64-0.14.38.tgz#322ea9937d9e529183ee281c7996b93eb38a5d95"
    integrity sha512-cljBAApVwkpnJZfnRVThpRBGzCi+a+V9Ofb1fVkKhtrPLDYlHLrSYGtmnoTVWDQdU516qYI8+wOgcGZ4XIZh0Q==
  
  esbuild-openbsd-64@0.14.38:
    version "0.14.38"
    resolved "https://registry.npmjs.org/esbuild-openbsd-64/-/esbuild-openbsd-64-0.14.38.tgz#1ca29bb7a2bf09592dcc26afdb45108f08a2cdbd"
    integrity sha512-CDswYr2PWPGEPpLDUO50mL3WO/07EMjnZDNKpmaxUPsrW+kVM3LoAqr/CE8UbzugpEiflYqJsGPLirThRB18IQ==
  
  esbuild-sunos-64@0.14.38:
    version "0.14.38"
    resolved "https://registry.npmjs.org/esbuild-sunos-64/-/esbuild-sunos-64-0.14.38.tgz#c9446f7d8ebf45093e7bb0e7045506a88540019b"
    integrity sha512-2mfIoYW58gKcC3bck0j7lD3RZkqYA7MmujFYmSn9l6TiIcAMpuEvqksO+ntBgbLep/eyjpgdplF7b+4T9VJGOA==
  
  esbuild-windows-32@0.14.38:
    version "0.14.38"
    resolved "https://registry.npmjs.org/esbuild-windows-32/-/esbuild-windows-32-0.14.38.tgz#f8e9b4602fd0ccbd48e5c8d117ec0ba4040f2ad1"
    integrity sha512-L2BmEeFZATAvU+FJzJiRLFUP+d9RHN+QXpgaOrs2klshoAm1AE6Us4X6fS9k33Uy5SzScn2TpcgecbqJza1Hjw==
  
  esbuild-windows-64@0.14.38:
    version "0.14.38"
    resolved "https://registry.npmjs.org/esbuild-windows-64/-/esbuild-windows-64-0.14.38.tgz#280f58e69f78535f470905ce3e43db1746518107"
    integrity sha512-Khy4wVmebnzue8aeSXLC+6clo/hRYeNIm0DyikoEqX+3w3rcvrhzpoix0S+MF9vzh6JFskkIGD7Zx47ODJNyCw==
  
  esbuild-windows-arm64@0.14.38:
    version "0.14.38"
    resolved "https://registry.npmjs.org/esbuild-windows-arm64/-/esbuild-windows-arm64-0.14.38.tgz#d97e9ac0f95a4c236d9173fa9f86c983d6a53f54"
    integrity sha512-k3FGCNmHBkqdJXuJszdWciAH77PukEyDsdIryEHn9cKLQFxzhT39dSumeTuggaQcXY57UlmLGIkklWZo2qzHpw==
  
  esbuild@^0.14.27:
    version "0.14.38"
    resolved "https://registry.npmjs.org/esbuild/-/esbuild-0.14.38.tgz#99526b778cd9f35532955e26e1709a16cca2fb30"
    integrity sha512-12fzJ0fsm7gVZX1YQ1InkOE5f9Tl7cgf6JPYXRJtPIoE0zkWAbHdPHVPPaLi9tYAcEBqheGzqLn/3RdTOyBfcA==
    optionalDependencies:
      esbuild-android-64 "0.14.38"
      esbuild-android-arm64 "0.14.38"
      esbuild-darwin-64 "0.14.38"
      esbuild-darwin-arm64 "0.14.38"
      esbuild-freebsd-64 "0.14.38"
      esbuild-freebsd-arm64 "0.14.38"
      esbuild-linux-32 "0.14.38"
      esbuild-linux-64 "0.14.38"
      esbuild-linux-arm "0.14.38"
      esbuild-linux-arm64 "0.14.38"
      esbuild-linux-mips64le "0.14.38"
      esbuild-linux-ppc64le "0.14.38"
      esbuild-linux-riscv64 "0.14.38"
      esbuild-linux-s390x "0.14.38"
      esbuild-netbsd-64 "0.14.38"
      esbuild-openbsd-64 "0.14.38"
      esbuild-sunos-64 "0.14.38"
      esbuild-windows-32 "0.14.38"
      esbuild-windows-64 "0.14.38"
      esbuild-windows-arm64 "0.14.38"
  
  escalade@^3.1.1:
    version "3.1.1"
    resolved "https://registry.npmjs.org/escalade/-/escalade-3.1.1.tgz#d8cfdc7000965c5a0174b4a82eaa5c0552742e40"
    integrity sha512-k0er2gUkLf8O0zKJiAhmkTnJlTvINGv7ygDNPbeIsX/TJjGJZHuh9B2UxbsaEkmlEo9MfhrSzmhIlhRlI2GXnw==
  
  escape-html@^1.0.3:
    version "1.0.3"
    resolved "https://registry.npmjs.org/escape-html/-/escape-html-1.0.3.tgz#0258eae4d3d0c0974de1c169188ef0051d1d1988"
    integrity sha1-Aljq5NPQwJdN4cFpGI7wBR0dGYg=
  
  escape-string-regexp@^1.0.2, escape-string-regexp@^1.0.5:
    version "1.0.5"
    resolved "https://registry.npmjs.org/escape-string-regexp/-/escape-string-regexp-1.0.5.tgz#1b61c0562190a8dff6ae3bb2cf0200ca130b86d4"
    integrity sha1-G2HAViGQqN/2rjuyzwIAyhMLhtQ=
  
  escape-string-regexp@^4.0.0:
    version "4.0.0"
    resolved "https://registry.npmjs.org/escape-string-regexp/-/escape-string-regexp-4.0.0.tgz#14ba83a5d373e3d311e5afca29cf5bfad965bf34"
    integrity sha512-TtpcNJ3XAzx3Gq8sWRzJaVajRs0uVxA2YAkdb1jm2YkPz4G6egUFAyA3n5vtEIZefPk5Wa4UXbKuS5fKkJWdgA==
  
  eslint-config-airbnb-base@^14.2.1:
    version "14.2.1"
    resolved "https://registry.npmjs.org/eslint-config-airbnb-base/-/eslint-config-airbnb-base-14.2.1.tgz#8a2eb38455dc5a312550193b319cdaeef042cd1e"
    integrity sha512-GOrQyDtVEc1Xy20U7vsB2yAoB4nBlfH5HZJeatRXHleO+OS5Ot+MWij4Dpltw4/DyIkqUfqz1epfhVR5XWWQPA==
    dependencies:
      confusing-browser-globals "^1.0.10"
      object.assign "^4.1.2"
      object.entries "^1.1.2"
  
  eslint-config-prettier@^8.3.0:
    version "8.5.0"
    resolved "https://registry.npmjs.org/eslint-config-prettier/-/eslint-config-prettier-8.5.0.tgz#5a81680ec934beca02c7b1a61cf8ca34b66feab1"
    integrity sha512-obmWKLUNCnhtQRKc+tmnYuQl0pFU1ibYJQ5BGhTVB08bHe9wC8qUeG7c08dj9XX+AuPj1YSGSQIHl1pnDHZR0Q==
  
  eslint-import-resolver-node@^0.3.6:
    version "0.3.6"
    resolved "https://registry.npmjs.org/eslint-import-resolver-node/-/eslint-import-resolver-node-0.3.6.tgz#4048b958395da89668252001dbd9eca6b83bacbd"
    integrity sha512-0En0w03NRVMn9Uiyn8YRPDKvWjxCWkslUEhGNTdGx15RvPJYQ+lbOlqrlNI2vEAs4pDYK4f/HN2TbDmk5TP0iw==
    dependencies:
      debug "^3.2.7"
      resolve "^1.20.0"
  
  eslint-module-utils@^2.7.3:
    version "2.7.3"
    resolved "https://registry.npmjs.org/eslint-module-utils/-/eslint-module-utils-2.7.3.tgz#ad7e3a10552fdd0642e1e55292781bd6e34876ee"
    integrity sha512-088JEC7O3lDZM9xGe0RerkOMd0EjFl+Yvd1jPWIkMT5u3H9+HC34mWWPnqPrN13gieT9pBOO+Qt07Nb/6TresQ==
    dependencies:
      debug "^3.2.7"
      find-up "^2.1.0"
  
  eslint-plugin-import@^2.22.1:
    version "2.26.0"
    resolved "https://registry.npmjs.org/eslint-plugin-import/-/eslint-plugin-import-2.26.0.tgz#f812dc47be4f2b72b478a021605a59fc6fe8b88b"
    integrity sha512-hYfi3FXaM8WPLf4S1cikh/r4IxnO6zrhZbEGz2b660EJRbuxgpDS5gkCuYgGWg2xxh2rBuIr4Pvhve/7c31koA==
    dependencies:
      array-includes "^3.1.4"
      array.prototype.flat "^1.2.5"
      debug "^2.6.9"
      doctrine "^2.1.0"
      eslint-import-resolver-node "^0.3.6"
      eslint-module-utils "^2.7.3"
      has "^1.0.3"
      is-core-module "^2.8.1"
      is-glob "^4.0.3"
      minimatch "^3.1.2"
      object.values "^1.1.5"
      resolve "^1.22.0"
      tsconfig-paths "^3.14.1"
  
  eslint-plugin-vue@^7.9.0:
    version "7.20.0"
    resolved "https://registry.npmjs.org/eslint-plugin-vue/-/eslint-plugin-vue-7.20.0.tgz#98c21885a6bfdf0713c3a92957a5afeaaeed9253"
    integrity sha512-oVNDqzBC9h3GO+NTgWeLMhhGigy6/bQaQbHS+0z7C4YEu/qK/yxHvca/2PTZtGNPsCrHwOTgKMrwu02A9iPBmw==
    dependencies:
      eslint-utils "^2.1.0"
      natural-compare "^1.4.0"
      semver "^6.3.0"
      vue-eslint-parser "^7.10.0"
  
  eslint-scope@^5.1.1:
    version "5.1.1"
    resolved "https://registry.npmjs.org/eslint-scope/-/eslint-scope-5.1.1.tgz#e786e59a66cb92b3f6c1fb0d508aab174848f48c"
    integrity sha512-2NxwbF/hZ0KpepYN0cNbo+FN6XoK7GaHlQhgx/hIZl6Va0bF45RQOOwhLIy8lQDbuCiadSLCBnH2CFYquit5bw==
    dependencies:
      esrecurse "^4.3.0"
      estraverse "^4.1.1"
  
  eslint-utils@^2.1.0:
    version "2.1.0"
    resolved "https://registry.npmjs.org/eslint-utils/-/eslint-utils-2.1.0.tgz#d2de5e03424e707dc10c74068ddedae708741b27"
    integrity sha512-w94dQYoauyvlDc43XnGB8lU3Zt713vNChgt4EWwhXAP2XkBvndfxF0AgIqKOOasjPIPzj9JqgwkwbCYD0/V3Zg==
    dependencies:
      eslint-visitor-keys "^1.1.0"
  
  eslint-utils@^3.0.0:
    version "3.0.0"
    resolved "https://registry.npmjs.org/eslint-utils/-/eslint-utils-3.0.0.tgz#8aebaface7345bb33559db0a1f13a1d2d48c3672"
    integrity sha512-uuQC43IGctw68pJA1RgbQS8/NP7rch6Cwd4j3ZBtgo4/8Flj4eGE7ZYSZRN3iq5pVUv6GPdW5Z1RFleo84uLDA==
    dependencies:
      eslint-visitor-keys "^2.0.0"
  
  eslint-visitor-keys@^1.1.0, eslint-visitor-keys@^1.3.0:
    version "1.3.0"
    resolved "https://registry.npmjs.org/eslint-visitor-keys/-/eslint-visitor-keys-1.3.0.tgz#30ebd1ef7c2fdff01c3a4f151044af25fab0523e"
    integrity sha512-6J72N8UNa462wa/KFODt/PJ3IU60SDpC3QXC1Hjc1BXXpfL2C9R5+AU7jhe0F6GREqVMh4Juu+NY7xn+6dipUQ==
  
  eslint-visitor-keys@^2.0.0:
    version "2.1.0"
    resolved "https://registry.npmjs.org/eslint-visitor-keys/-/eslint-visitor-keys-2.1.0.tgz#f65328259305927392c938ed44eb0a5c9b2bd303"
    integrity sha512-0rSmRBzXgDzIsD6mGdJgevzgezI534Cer5L/vyMX0kHzT/jiB43jRhd9YUlMGYLQy2zprNmoT8qasCGtY+QaKw==
  
  eslint@^7.25.0:
    version "7.32.0"
    resolved "https://registry.npmjs.org/eslint/-/eslint-7.32.0.tgz#c6d328a14be3fb08c8d1d21e12c02fdb7a2a812d"
    integrity sha512-VHZ8gX+EDfz+97jGcgyGCyRia/dPOd6Xh9yPv8Bl1+SoaIwD+a/vlrOmGRUyOYu7MwUhc7CxqeaDZU13S4+EpA==
    dependencies:
      "@babel/code-frame" "7.12.11"
      "@eslint/eslintrc" "^0.4.3"
      "@humanwhocodes/config-array" "^0.5.0"
      ajv "^6.10.0"
      chalk "^4.0.0"
      cross-spawn "^7.0.2"
      debug "^4.0.1"
      doctrine "^3.0.0"
      enquirer "^2.3.5"
      escape-string-regexp "^4.0.0"
      eslint-scope "^5.1.1"
      eslint-utils "^2.1.0"
      eslint-visitor-keys "^2.0.0"
      espree "^7.3.1"
      esquery "^1.4.0"
      esutils "^2.0.2"
      fast-deep-equal "^3.1.3"
      file-entry-cache "^6.0.1"
      functional-red-black-tree "^1.0.1"
      glob-parent "^5.1.2"
      globals "^13.6.0"
      ignore "^4.0.6"
      import-fresh "^3.0.0"
      imurmurhash "^0.1.4"
      is-glob "^4.0.0"
      js-yaml "^3.13.1"
      json-stable-stringify-without-jsonify "^1.0.1"
      levn "^0.4.1"
      lodash.merge "^4.6.2"
      minimatch "^3.0.4"
      natural-compare "^1.4.0"
      optionator "^0.9.1"
      progress "^2.0.0"
      regexpp "^3.1.0"
      semver "^7.2.1"
      strip-ansi "^6.0.0"
      strip-json-comments "^3.1.0"
      table "^6.0.9"
      text-table "^0.2.0"
      v8-compile-cache "^2.0.3"
  
  espree@^6.2.1:
    version "6.2.1"
    resolved "https://registry.npmjs.org/espree/-/espree-6.2.1.tgz#77fc72e1fd744a2052c20f38a5b575832e82734a"
    integrity sha512-ysCxRQY3WaXJz9tdbWOwuWr5Y/XrPTGX9Kiz3yoUXwW0VZ4w30HTkQLaGx/+ttFjF8i+ACbArnB4ce68a9m5hw==
    dependencies:
      acorn "^7.1.1"
      acorn-jsx "^5.2.0"
      eslint-visitor-keys "^1.1.0"
  
  espree@^7.3.0, espree@^7.3.1:
    version "7.3.1"
    resolved "https://registry.npmjs.org/espree/-/espree-7.3.1.tgz#f2df330b752c6f55019f8bd89b7660039c1bbbb6"
    integrity sha512-v3JCNCE64umkFpmkFGqzVKsOT0tN1Zr+ueqLZfpV1Ob8e+CEgPWa+OxCoGH3tnhimMKIaBm4m/vaRpJ/krRz2g==
    dependencies:
      acorn "^7.4.0"
      acorn-jsx "^5.3.1"
      eslint-visitor-keys "^1.3.0"
  
  esprima@^4.0.0:
    version "4.0.1"
    resolved "https://registry.npmjs.org/esprima/-/esprima-4.0.1.tgz#13b04cdb3e6c5d19df91ab6987a8695619b0aa71"
    integrity sha512-eGuFFw7Upda+g4p+QHvnW0RyTX/SVeJBDM/gCtMARO0cLuT2HcEKnTPvhjV6aGeqrCB/sbNop0Kszm0jsaWU4A==
  
  esquery@^1.4.0:
    version "1.4.0"
    resolved "https://registry.npmjs.org/esquery/-/esquery-1.4.0.tgz#2148ffc38b82e8c7057dfed48425b3e61f0f24a5"
    integrity sha512-cCDispWt5vHHtwMY2YrAQ4ibFkAL8RbH5YGBnZBc90MolvvfkkQcJro/aZiAQUlQ3qgrYS6D6v8Gc5G5CQsc9w==
    dependencies:
      estraverse "^5.1.0"
  
  esrecurse@^4.3.0:
    version "4.3.0"
    resolved "https://registry.npmjs.org/esrecurse/-/esrecurse-4.3.0.tgz#7ad7964d679abb28bee72cec63758b1c5d2c9921"
    integrity sha512-KmfKL3b6G+RXvP8N1vr3Tq1kL/oCFgn2NYXEtqP8/L3pKapUA4G8cFVaoF3SU323CD4XypR/ffioHmkti6/Tag==
    dependencies:
      estraverse "^5.2.0"
  
  estraverse@^4.1.1:
    version "4.3.0"
    resolved "https://registry.npmjs.org/estraverse/-/estraverse-4.3.0.tgz#398ad3f3c5a24948be7725e83d11a7de28cdbd1d"
    integrity sha512-39nnKffWz8xN1BU/2c79n9nB9HDzo0niYUqx6xyqUnyoAnQyyWpOTdZEeiCch8BBu515t4wp9ZmgVfVhn9EBpw==
  
  estraverse@^5.1.0, estraverse@^5.2.0:
    version "5.3.0"
    resolved "https://registry.npmjs.org/estraverse/-/estraverse-5.3.0.tgz#2eea5290702f26ab8fe5370370ff86c965d21123"
    integrity sha512-MMdARuVEQziNTeJD8DgMqmhwR11BRQ/cBP+pLtYdSTnf3MIO8fFeiINEbX36ZdNlfU/7A9f3gUw49B3oQsvwBA==
  
  estree-walker@^2.0.1, estree-walker@^2.0.2:
    version "2.0.2"
    resolved "https://registry.npmjs.org/estree-walker/-/estree-walker-2.0.2.tgz#52f010178c2a4c117a7757cfe942adb7d2da4cac"
    integrity sha512-Rfkk/Mp/DL7JVje3u18FxFujQlTNR2q6QfMSMB7AvCBx91NGj/ba3kCfza0f6dVDbw7YlRf/nDrn7pQrCCyQ/w==
  
  esutils@^2.0.2:
    version "2.0.3"
    resolved "https://registry.npmjs.org/esutils/-/esutils-2.0.3.tgz#74d2eb4de0b8da1293711910d50775b9b710ef64"
    integrity sha512-kVscqXk4OCp68SZ0dkgEKVi6/8ij300KBWTJq32P/dYeWTSwK41WyTxalN1eRmA5Z9UU/LX9D7FWSmV9SAYx6g==
  
  execa@^4.1.0:
    version "4.1.0"
    resolved "https://registry.npmjs.org/execa/-/execa-4.1.0.tgz#4e5491ad1572f2f17a77d388c6c857135b22847a"
    integrity sha512-j5W0//W7f8UxAn8hXVnwG8tLwdiUy4FJLcSupCg6maBYZDpyBvTApK7KyuI4bKj8KOh1r2YH+6ucuYtJv1bTZA==
    dependencies:
      cross-spawn "^7.0.0"
      get-stream "^5.0.0"
      human-signals "^1.1.1"
      is-stream "^2.0.0"
      merge-stream "^2.0.0"
      npm-run-path "^4.0.0"
      onetime "^5.1.0"
      signal-exit "^3.0.2"
      strip-final-newline "^2.0.0"
  
  execa@^5.1.1:
    version "5.1.1"
    resolved "https://registry.npmjs.org/execa/-/execa-5.1.1.tgz#f80ad9cbf4298f7bd1d4c9555c21e93741c411dd"
    integrity sha512-8uSpZZocAZRBAPIEINJj3Lo9HyGitllczc27Eh5YYojjMFMn8yHMDMaUHE2Jqfq05D/wucwI4JGURyXt1vchyg==
    dependencies:
      cross-spawn "^7.0.3"
      get-stream "^6.0.0"
      human-signals "^2.1.0"
      is-stream "^2.0.0"
      merge-stream "^2.0.0"
      npm-run-path "^4.0.1"
      onetime "^5.1.2"
      signal-exit "^3.0.3"
      strip-final-newline "^2.0.0"
  
  exit-on-epipe@~1.0.1:
    version "1.0.1"
    resolved "https://registry.npmjs.org/exit-on-epipe/-/exit-on-epipe-1.0.1.tgz#0bdd92e87d5285d267daa8171d0eb06159689692"
    integrity sha512-h2z5mrROTxce56S+pnvAV890uu7ls7f1kEvVGJbw1OlFH3/mlJ5bkXu0KRyW94v37zzHPiUd55iLn3DA7TjWpw==
  
  expand-tilde@^2.0.0, expand-tilde@^2.0.2:
    version "2.0.2"
    resolved "https://registry.npmjs.org/expand-tilde/-/expand-tilde-2.0.2.tgz#97e801aa052df02454de46b02bf621642cdc8502"
    integrity sha1-l+gBqgUt8CRU3kawK/YhZCzchQI=
    dependencies:
      homedir-polyfill "^1.0.1"
  
  external-editor@^3.0.3:
    version "3.1.0"
    resolved "https://registry.npmjs.org/external-editor/-/external-editor-3.1.0.tgz#cb03f740befae03ea4d283caed2741a83f335495"
    integrity sha512-hMQ4CX1p1izmuLYyZqLMO/qGNw10wSv9QDCPfzXfyFrOaCSSoRfqE1Kf1s5an66J5JZC62NewG+mK49jOCtQew==
    dependencies:
      chardet "^0.7.0"
      iconv-lite "^0.4.24"
      tmp "^0.0.33"
  
  fast-deep-equal@^3.1.1, fast-deep-equal@^3.1.3:
    version "3.1.3"
    resolved "https://registry.npmjs.org/fast-deep-equal/-/fast-deep-equal-3.1.3.tgz#3a7d56b559d6cbc3eb512325244e619a65c6c525"
    integrity sha512-f3qQ9oQy9j2AhBe/H9VC91wLmKBCCU/gDOnKNAYG5hswO7BLKj09Hc5HYNz9cGI++xlpDCIgDaitVs03ATR84Q==
  
  fast-glob@^3.2.11, fast-glob@^3.2.9:
    version "3.2.11"
    resolved "https://registry.npmjs.org/fast-glob/-/fast-glob-3.2.11.tgz#a1172ad95ceb8a16e20caa5c5e56480e5129c1d9"
    integrity sha512-xrO3+1bxSo3ZVHAnqzyuewYT6aMFHRAd4Kcs92MAonjwQZLsK9d0SF1IyQ3k5PoirxTW0Oe/RqFgMQ6TcNE5Ew==
    dependencies:
      "@nodelib/fs.stat" "^2.0.2"
      "@nodelib/fs.walk" "^1.2.3"
      glob-parent "^5.1.2"
      merge2 "^1.3.0"
      micromatch "^4.0.4"
  
  fast-json-stable-stringify@^2.0.0:
    version "2.1.0"
    resolved "https://registry.npmjs.org/fast-json-stable-stringify/-/fast-json-stable-stringify-2.1.0.tgz#874bf69c6f404c2b5d99c481341399fd55892633"
    integrity sha512-lhd/wF+Lk98HZoTCtlVraHtfh5XYijIjalXck7saUtuanSDyLMxnHhSXEDJqHxD7msR8D0uCmqlkwjCV8xvwHw==
  
  fast-levenshtein@^2.0.6:
    version "2.0.6"
    resolved "https://registry.npmjs.org/fast-levenshtein/-/fast-levenshtein-2.0.6.tgz#3d8a5c66883a16a30ca8643e851f19baa7797917"
    integrity sha1-PYpcZog6FqMMqGQ+hR8Zuqd5eRc=
  
  fastq@^1.6.0:
    version "1.13.0"
    resolved "https://registry.npmjs.org/fastq/-/fastq-1.13.0.tgz#616760f88a7526bdfc596b7cab8c18938c36b98c"
    integrity sha512-YpkpUnK8od0o1hmeSc7UUs/eB/vIPWJYjKck2QKIzAf71Vm1AAQ3EbuZB3g2JIy+pg+ERD0vqI79KyZiB2e2Nw==
    dependencies:
      reusify "^1.0.4"
  
  fecha@~4.2.0:
    version "4.2.3"
    resolved "https://registry.npmjs.org/fecha/-/fecha-4.2.3.tgz#4d9ccdbc61e8629b259fdca67e65891448d569fd"
    integrity sha512-OP2IUU6HeYKJi3i0z4A19kHMQoLVs4Hc+DPqqxI2h/DPZHTm/vjsfC6P0b4jCMy14XizLBqvndQ+UilD7707Jw==
  
  figures@^2.0.0:
    version "2.0.0"
    resolved "https://registry.npmjs.org/figures/-/figures-2.0.0.tgz#3ab1a2d2a62c8bfb431a0c94cb797a2fce27c962"
    integrity sha1-OrGi0qYsi/tDGgyUy3l6L84nyWI=
    dependencies:
      escape-string-regexp "^1.0.5"
  
  file-entry-cache@^6.0.1:
    version "6.0.1"
    resolved "https://registry.npmjs.org/file-entry-cache/-/file-entry-cache-6.0.1.tgz#211b2dd9659cb0394b073e7323ac3c933d522027"
    integrity sha512-7Gps/XWymbLk2QLYK4NzpMOrYjMhdIxXuIvy2QBsLE6ljuodKvdkWs/cpyJJ3CVIVpH0Oi1Hvg1ovbMzLdFBBg==
    dependencies:
      flat-cache "^3.0.4"
  
  fill-range@^7.0.1:
    version "7.0.1"
    resolved "https://registry.npmjs.org/fill-range/-/fill-range-7.0.1.tgz#1919a6a7c75fe38b2c7c77e5198535da9acdda40"
    integrity sha512-qOo9F+dMUmC2Lcb4BbVvnKJxTPjCm+RRpe4gDuGrzkL7mEVl/djYSu2OdQ2Pa302N4oqkSg9ir6jaLWJ2USVpQ==
    dependencies:
      to-regex-range "^5.0.1"
  
  find-config@^1.0.0:
    version "1.0.0"
    resolved "https://registry.npmjs.org/find-config/-/find-config-1.0.0.tgz#eafa2b9bc07fa9c90e9a0c3ef9cecf1cc800f530"
    integrity sha1-6vorm8B/qckOmgw++c7PHMgA9TA=
    dependencies:
      user-home "^2.0.0"
  
  find-node-modules@^2.1.2:
    version "2.1.3"
    resolved "https://registry.npmjs.org/find-node-modules/-/find-node-modules-2.1.3.tgz#3c976cff2ca29ee94b4f9eafc613987fc4c0ee44"
    integrity sha512-UC2I2+nx1ZuOBclWVNdcnbDR5dlrOdVb7xNjmT/lHE+LsgztWks3dG7boJ37yTS/venXw84B/mAW9uHVoC5QRg==
    dependencies:
      findup-sync "^4.0.0"
      merge "^2.1.1"
  
  find-root@1.1.0:
    version "1.1.0"
    resolved "https://registry.npmjs.org/find-root/-/find-root-1.1.0.tgz#abcfc8ba76f708c42a97b3d685b7e9450bfb9ce4"
    integrity sha512-NKfW6bec6GfKc0SGx1e07QZY9PE99u0Bft/0rzSD5k3sO/vwkVUpDUKVm5Gpp5Ue3YfShPFTX2070tDs5kB9Ng==
  
  find-up@^2.1.0:
    version "2.1.0"
    resolved "https://registry.npmjs.org/find-up/-/find-up-2.1.0.tgz#45d1b7e506c717ddd482775a2b77920a3c0c57a7"
    integrity sha1-RdG35QbHF93UgndaK3eSCjwMV6c=
    dependencies:
      locate-path "^2.0.0"
  
  find-up@^4.1.0:
    version "4.1.0"
    resolved "https://registry.npmjs.org/find-up/-/find-up-4.1.0.tgz#97afe7d6cdc0bc5928584b7c8d7b16e8a9aa5d19"
    integrity sha512-PpOwAdQ/YlXQ2vj8a3h8IipDuYRi3wceVQQGYWxNINccq40Anw7BlsEXCMbt1Zt+OLA6Fq9suIpIWD0OsnISlw==
    dependencies:
      locate-path "^5.0.0"
      path-exists "^4.0.0"
  
  find-up@^5.0.0:
    version "5.0.0"
    resolved "https://registry.npmjs.org/find-up/-/find-up-5.0.0.tgz#4c92819ecb7083561e4f4a240a86be5198f536fc"
    integrity sha512-78/PXT1wlLLDgTzDs7sjq9hzz0vXD+zn+7wypEe4fXQxCmdmqfGsEPQxmiCSQI3ajFV91bVSsvNtrJRiW6nGng==
    dependencies:
      locate-path "^6.0.0"
      path-exists "^4.0.0"
  
  findup-sync@^4.0.0:
    version "4.0.0"
    resolved "https://registry.npmjs.org/findup-sync/-/findup-sync-4.0.0.tgz#956c9cdde804052b881b428512905c4a5f2cdef0"
    integrity sha512-6jvvn/12IC4quLBL1KNokxC7wWTvYncaVUYSoxWw7YykPLuRrnv4qdHcSOywOI5RpkOVGeQRtWM8/q+G6W6qfQ==
    dependencies:
      detect-file "^1.0.0"
      is-glob "^4.0.0"
      micromatch "^4.0.2"
      resolve-dir "^1.0.1"
  
  flat-cache@^3.0.4:
    version "3.0.4"
    resolved "https://registry.npmjs.org/flat-cache/-/flat-cache-3.0.4.tgz#61b0338302b2fe9f957dcc32fc2a87f1c3048b11"
    integrity sha512-dm9s5Pw7Jc0GvMYbshN6zchCA9RgQlzzEZX3vylR9IqFfS8XciblUXOKfW6SiuJ0e13eDYZoZV5wdrev7P3Nwg==
    dependencies:
      flatted "^3.1.0"
      rimraf "^3.0.2"
  
  flatted@^3.1.0:
    version "3.2.5"
    resolved "https://registry.npmjs.org/flatted/-/flatted-3.2.5.tgz#76c8584f4fc843db64702a6bd04ab7a8bd666da3"
    integrity sha512-WIWGi2L3DyTUvUrwRKgGi9TwxQMUEqPOPQBVi71R96jZXJdFskXEmf54BoZaS1kknGODoIGASGEzBUYdyMCBJg==
  
  fmin@^0.0.2:
    version "0.0.2"
    resolved "https://registry.npmjs.org/fmin/-/fmin-0.0.2.tgz#59bbb40d43ffdc1c94cd00a568c41f95f1973017"
    integrity sha1-Wbu0DUP/3ByUzQClaMQflfGXMBc=
    dependencies:
      contour_plot "^0.0.1"
      json2module "^0.0.3"
      rollup "^0.25.8"
      tape "^4.5.1"
      uglify-js "^2.6.2"
  
  follow-redirects@^1.14.0, follow-redirects@^1.14.8:
    version "1.14.9"
    resolved "https://registry.npmjs.org/follow-redirects/-/follow-redirects-1.14.9.tgz#dd4ea157de7bfaf9ea9b3fbd85aa16951f78d8d7"
    integrity sha512-MQDfihBQYMcyy5dhRDJUHcw7lb2Pv/TuE6xP1vyraLukNDHKbDxDNaOE3NbCAdKQApno+GPRyo1YAp89yCjK4w==
  
  for-each@~0.3.3:
    version "0.3.3"
    resolved "https://registry.npmjs.org/for-each/-/for-each-0.3.3.tgz#69b447e88a0a5d32c3e7084f3f1710034b21376e"
    integrity sha512-jqYfLp7mo9vIyQf8ykW2v7A+2N4QjeCeI5+Dz9XraiO1ign81wjiH7Fb9vSOWvQfNtmSa4H2RoQTrrXivdUZmw==
    dependencies:
      is-callable "^1.1.3"
  
  frac@~1.1.2:
    version "1.1.2"
    resolved "https://registry.npmjs.org/frac/-/frac-1.1.2.tgz#3d74f7f6478c88a1b5020306d747dc6313c74d0b"
    integrity sha512-w/XBfkibaTl3YDqASwfDUqkna4Z2p9cFSr1aHDt0WoMTECnRfBOv2WArlZILlqgWlmdIlALXGpM2AOhEk5W3IA==
  
  fs-extra@8.1.0:
    version "8.1.0"
    resolved "https://registry.npmjs.org/fs-extra/-/fs-extra-8.1.0.tgz#49d43c45a88cd9677668cb7be1b46efdb8d2e1c0"
    integrity sha512-yhlQgA6mnOJUKOsRUFsgJdQCvkKhcz8tlZG5HBQfReYZy46OwLcY+Zia0mtdHsOo9y/hP+CxMN0TU9QxoOtG4g==
    dependencies:
      graceful-fs "^4.2.0"
      jsonfile "^4.0.0"
      universalify "^0.1.0"
  
  fs-extra@^9.0.0:
    version "9.1.0"
    resolved "https://registry.npmjs.org/fs-extra/-/fs-extra-9.1.0.tgz#5954460c764a8da2094ba3554bf839e6b9a7c86d"
    integrity sha512-hcg3ZmepS30/7BSFqRvoo3DOMQu7IjqxO5nCDt+zM9XWjb33Wg7ziNT+Qvqbuc3+gWpzO02JubVyk2G4Zvo1OQ==
    dependencies:
      at-least-node "^1.0.0"
      graceful-fs "^4.2.0"
      jsonfile "^6.0.1"
      universalify "^2.0.0"
  
  fs.realpath@^1.0.0:
    version "1.0.0"
    resolved "https://registry.npmjs.org/fs.realpath/-/fs.realpath-1.0.0.tgz#1504ad2523158caa40db4a2787cb01411994ea4f"
    integrity sha1-FQStJSMVjKpA20onh8sBQRmU6k8=
  
  fsevents@~2.3.2:
    version "2.3.2"
    resolved "https://registry.npmjs.org/fsevents/-/fsevents-2.3.2.tgz#8a526f78b8fdf4623b709e0b975c52c24c02fd1a"
    integrity sha512-xiqMQR4xAeHTuB9uWm+fFRcIOgKBMiOBP+eXiyT7jsgVCq1bkVygt00oASowB7EdtpOHaaPgKt812P9ab+DDKA==
  
  fstream@^1.0.12:
    version "1.0.12"
    resolved "https://registry.npmjs.org/fstream/-/fstream-1.0.12.tgz#4e8ba8ee2d48be4f7d0de505455548eae5932045"
    integrity sha512-WvJ193OHa0GHPEL+AycEJgxvBEwyfRkN1vhjca23OaPVMCaLCXTd5qAu82AjTcgP1UJmytkOKb63Ypde7raDIg==
    dependencies:
      graceful-fs "^4.1.2"
      inherits "~2.0.0"
      mkdirp ">=0.5 0"
      rimraf "2"
  
  function-bind@^1.1.1:
    version "1.1.1"
    resolved "https://registry.npmjs.org/function-bind/-/function-bind-1.1.1.tgz#a56899d3ea3c9bab874bb9773b7c5ede92f4895d"
    integrity sha512-yIovAzMX49sF8Yl58fSCWJ5svSLuaibPxXQJFLmBObTuCr0Mf1KiPopGM9NiFjiYBCbfaa2Fh6breQ6ANVTI0A==
  
  functional-red-black-tree@^1.0.1:
    version "1.0.1"
    resolved "https://registry.npmjs.org/functional-red-black-tree/-/functional-red-black-tree-1.0.1.tgz#1b0ab3bd553b2a0d6399d29c0e3ea0b252078327"
    integrity sha1-GwqzvVU7Kg1jmdKcDj6gslIHgyc=
  
  functions-have-names@^1.2.2:
    version "1.2.3"
    resolved "https://registry.npmjs.org/functions-have-names/-/functions-have-names-1.2.3.tgz#0404fe4ee2ba2f607f0e0ec3c80bae994133b834"
    integrity sha512-xckBUXyTIqT97tq2x2AMb+g163b5JFysYk0x4qxNFwbfQkmNZoiRHb6sPzI9/QV33WeuvVYBUIiD4NzNIyqaRQ==
  
  fuse.js@^6.4.6:
    version "6.5.3"
    resolved "https://registry.npmjs.org/fuse.js/-/fuse.js-6.5.3.tgz#7446c0acbc4ab0ab36fa602e97499bdb69452b93"
    integrity sha512-sA5etGE7yD/pOqivZRBvUBd/NaL2sjAu6QuSaFoe1H2BrJSkH/T/UXAJ8CdXdw7DvY3Hs8CXKYkDWX7RiP5KOg==
  
  get-caller-file@^2.0.5:
    version "2.0.5"
    resolved "https://registry.npmjs.org/get-caller-file/-/get-caller-file-2.0.5.tgz#4f94412a82db32f36e3b0b9741f8a97feb031f7e"
    integrity sha512-DyFP3BM/3YHTQOCUL/w0OZHR0lpKeGrxotcHWcqNEdnltqFwXVfhEBQ94eIo34AfQpo0rGki4cyIiftY06h2Fg==
  
  get-intrinsic@^1.0.2, get-intrinsic@^1.1.0, get-intrinsic@^1.1.1:
    version "1.1.1"
    resolved "https://registry.npmjs.org/get-intrinsic/-/get-intrinsic-1.1.1.tgz#15f59f376f855c446963948f0d24cd3637b4abc6"
    integrity sha512-kWZrnVM42QCiEA2Ig1bG8zjoIMOgxWwYCEeNdwY6Tv/cOSeGpcoX4pXHfKUxNKVoArnrEr2e9srnAxxGIraS9Q==
    dependencies:
      function-bind "^1.1.1"
      has "^1.0.3"
      has-symbols "^1.0.1"
  
  get-own-enumerable-property-symbols@^3.0.0:
    version "3.0.2"
    resolved "https://registry.npmjs.org/get-own-enumerable-property-symbols/-/get-own-enumerable-property-symbols-3.0.2.tgz#b5fde77f22cbe35f390b4e089922c50bce6ef664"
    integrity sha512-I0UBV/XOz1XkIJHEUDMZAbzCThU/H8DxmSfmdGcKPnVhu2VfFqr34jr9777IyaTYvxjedWhqVIilEDsCdP5G6g==
  
  get-stream@^5.0.0:
    version "5.2.0"
    resolved "https://registry.npmjs.org/get-stream/-/get-stream-5.2.0.tgz#4966a1795ee5ace65e706c4b7beb71257d6e22d3"
    integrity sha512-nBF+F1rAZVCu/p7rjzgA+Yb4lfYXrpl7a6VmJrU8wF9I1CKvP/QwPNZHnOlwbTkY6dvtFIzFMSyQXbLoTQPRpA==
    dependencies:
      pump "^3.0.0"
  
  get-stream@^6.0.0:
    version "6.0.1"
    resolved "https://registry.npmjs.org/get-stream/-/get-stream-6.0.1.tgz#a262d8eef67aced57c2852ad6167526a43cbf7b7"
    integrity sha512-ts6Wi+2j3jQjqi70w5AlN8DFnkSwC+MqmxEzdEALB2qXZYV3X/b1CTfgPLGJNMeAWxdPfU8FO1ms3NUfaHCPYg==
  
  get-symbol-description@^1.0.0:
    version "1.0.0"
    resolved "https://registry.npmjs.org/get-symbol-description/-/get-symbol-description-1.0.0.tgz#7fdb81c900101fbd564dd5f1a30af5aadc1e58d6"
    integrity sha512-2EmdH1YvIQiZpltCNgkuiUnyukzxM/R6NDJX31Ke3BG1Nq5b0S2PhX59UKi9vZpPDQVdqn+1IcaAwnzTT5vCjw==
    dependencies:
      call-bind "^1.0.2"
      get-intrinsic "^1.1.1"
  
  git-raw-commits@^2.0.0:
    version "2.0.11"
    resolved "https://registry.npmjs.org/git-raw-commits/-/git-raw-commits-2.0.11.tgz#bc3576638071d18655e1cc60d7f524920008d723"
    integrity sha512-VnctFhw+xfj8Va1xtfEqCUD2XDrbAPSJx+hSrE5K7fGdjZruW7XV+QOrN7LF/RJyvspRiD2I0asWsxFp0ya26A==
    dependencies:
      dargs "^7.0.0"
      lodash "^4.17.15"
      meow "^8.0.0"
      split2 "^3.0.0"
      through2 "^4.0.0"
  
  gl-matrix@^3.0.0, gl-matrix@^3.3.0, gl-matrix@^3.4.3:
    version "3.4.3"
    resolved "https://registry.npmjs.org/gl-matrix/-/gl-matrix-3.4.3.tgz#fc1191e8320009fd4d20e9339595c6041ddc22c9"
    integrity sha512-wcCp8vu8FT22BnvKVPjXa/ICBWRq/zjFfdofZy1WSpQZpphblv12/bOQLBC1rMM7SGOFS9ltVmKOHil5+Ml7gA==
  
  glob-parent@^5.1.2, glob-parent@~5.1.2:
    version "5.1.2"
    resolved "https://registry.npmjs.org/glob-parent/-/glob-parent-5.1.2.tgz#869832c58034fe68a4093c17dc15e8340d8401c4"
    integrity sha512-AOIgSQCepiJYwP3ARnGx+5VnTu2HBYdzbGP45eLw1vr3zB3vZLeyed1sC9hnbcOc9/SrMyM5RPQrkGz4aS9Zow==
    dependencies:
      is-glob "^4.0.1"
  
  glob@7.1.4:
    version "7.1.4"
    resolved "https://registry.npmjs.org/glob/-/glob-7.1.4.tgz#aa608a2f6c577ad357e1ae5a5c26d9a8d1969255"
    integrity sha512-hkLPepehmnKk41pUGm3sYxoFs/umurYfYJCerbXEyFIWcAzvpipAgVkBqqT9RBKMGjnq6kMuyYwha6csxbiM1A==
    dependencies:
      fs.realpath "^1.0.0"
      inflight "^1.0.4"
      inherits "2"
      minimatch "^3.0.4"
      once "^1.3.0"
      path-is-absolute "^1.0.0"
  
  glob@^7.1.3, glob@^7.1.6, glob@~7.2.0:
    version "7.2.0"
    resolved "https://registry.npmjs.org/glob/-/glob-7.2.0.tgz#d15535af7732e02e948f4c41628bd910293f6023"
    integrity sha512-lmLf6gtyrPq8tTjSmrO94wBeQbFR3HbLHbuyD69wuyQkImp2hWqMGB47OX65FBkPffO641IP9jWa1z4ivqG26Q==
    dependencies:
      fs.realpath "^1.0.0"
      inflight "^1.0.4"
      inherits "2"
      minimatch "^3.0.4"
      once "^1.3.0"
      path-is-absolute "^1.0.0"
  
  global-dirs@^0.1.1:
    version "0.1.1"
    resolved "https://registry.npmjs.org/global-dirs/-/global-dirs-0.1.1.tgz#b319c0dd4607f353f3be9cca4c72fc148c49f445"
    integrity sha1-sxnA3UYH81PzvpzKTHL8FIxJ9EU=
    dependencies:
      ini "^1.3.4"
  
  global-modules@^1.0.0:
    version "1.0.0"
    resolved "https://registry.npmjs.org/global-modules/-/global-modules-1.0.0.tgz#6d770f0eb523ac78164d72b5e71a8877265cc3ea"
    integrity sha512-sKzpEkf11GpOFuw0Zzjzmt4B4UZwjOcG757PPvrfhxcLFbq0wpsgpOqxpxtxFiCG4DtG93M6XRVbF2oGdev7bg==
    dependencies:
      global-prefix "^1.0.1"
      is-windows "^1.0.1"
      resolve-dir "^1.0.0"
  
  global-prefix@^1.0.1:
    version "1.0.2"
    resolved "https://registry.npmjs.org/global-prefix/-/global-prefix-1.0.2.tgz#dbf743c6c14992593c655568cb66ed32c0122ebe"
    integrity sha1-2/dDxsFJklk8ZVVoy2btMsASLr4=
    dependencies:
      expand-tilde "^2.0.2"
      homedir-polyfill "^1.0.1"
      ini "^1.3.4"
      is-windows "^1.0.1"
      which "^1.2.14"
  
  globals@^13.6.0, globals@^13.9.0:
    version "13.13.0"
    resolved "https://registry.npmjs.org/globals/-/globals-13.13.0.tgz#ac32261060d8070e2719dd6998406e27d2b5727b"
    integrity sha512-EQ7Q18AJlPwp3vUDL4mKA0KXrXyNIQyWon6T6XQiBQF0XHvRsiCSrWmmeATpUzdJN2HhWZU6Pdl0a9zdep5p6A==
    dependencies:
      type-fest "^0.20.2"
  
  globby@^11.0.3:
    version "11.1.0"
    resolved "https://registry.npmjs.org/globby/-/globby-11.1.0.tgz#bd4be98bb042f83d796f7e3811991fbe82a0d34b"
    integrity sha512-jhIXaOzy1sb8IyocaruWSn1TjmnBVs8Ayhcy83rmxNJ8q2uWKCAj3CnJY+KpGSXCueAPc0i05kVvVKtP1t9S3g==
    dependencies:
      array-union "^2.1.0"
      dir-glob "^3.0.1"
      fast-glob "^3.2.9"
      ignore "^5.2.0"
      merge2 "^1.4.1"
      slash "^3.0.0"
  
  good-listener@^1.2.2:
    version "1.2.2"
    resolved "https://registry.npmjs.org/good-listener/-/good-listener-1.2.2.tgz#d53b30cdf9313dffb7dc9a0d477096aa6d145c50"
    integrity sha1-1TswzfkxPf+33JoNR3CWqm0UXFA=
    dependencies:
      delegate "^3.1.2"
  
  graceful-fs@^4.1.2, graceful-fs@^4.1.6, graceful-fs@^4.2.0, graceful-fs@^4.2.2:
    version "4.2.10"
    resolved "https://registry.npmjs.org/graceful-fs/-/graceful-fs-4.2.10.tgz#147d3a006da4ca3ce14728c7aefc287c367d7a6c"
    integrity sha512-9ByhssR2fPVsNZj478qUUbKfmL0+t5BDVyjShtyZZLiK7ZDAArFFfopyOTj0M05wE2tJPisA4iTnnXl2YoPvOA==
  
  graphlib@^2.1.8:
    version "2.1.8"
    resolved "https://registry.npmjs.org/graphlib/-/graphlib-2.1.8.tgz#5761d414737870084c92ec7b5dbcb0592c9d35da"
    integrity sha512-jcLLfkpoVGmH7/InMC/1hIvOPSUh38oJtGhvrOFGzioE1DZ+0YW16RgmOJhHiuWTvGiJQ9Z1Ik43JvkRPRvE+A==
    dependencies:
      lodash "^4.17.15"
  
  hammerjs@^2.0.1:
    version "2.0.8"
    resolved "https://registry.npmjs.org/hammerjs/-/hammerjs-2.0.8.tgz#04ef77862cff2bb79d30f7692095930222bf60f1"
    integrity sha1-BO93hiz/K7edMPdpIJWTAiK/YPE=
  
  hard-rejection@^2.1.0:
    version "2.1.0"
    resolved "https://registry.npmjs.org/hard-rejection/-/hard-rejection-2.1.0.tgz#1c6eda5c1685c63942766d79bb40ae773cecd883"
    integrity sha512-VIZB+ibDhx7ObhAe7OVtoEbuP4h/MuOTHJ+J8h/eBXotJYl0fBgR72xDFCKgIh22OJZIOVNxBMWuhAr10r8HdA==
  
  has-ansi@^2.0.0:
    version "2.0.0"
    resolved "https://registry.npmjs.org/has-ansi/-/has-ansi-2.0.0.tgz#34f5049ce1ecdf2b0649af3ef24e45ed35416d91"
    integrity sha1-NPUEnOHs3ysGSa8+8k5F7TVBbZE=
    dependencies:
      ansi-regex "^2.0.0"
  
  has-bigints@^1.0.1:
    version "1.0.2"
    resolved "https://registry.npmjs.org/has-bigints/-/has-bigints-1.0.2.tgz#0871bd3e3d51626f6ca0966668ba35d5602d6eaa"
    integrity sha512-tSvCKtBr9lkF0Ex0aQiP9N+OpV4zi2r/Nee5VkRDbaqv35RLYMzbwQfFSZZH0kR+Rd6302UJZ2p/bJCEoR3VoQ==
  
  has-flag@^3.0.0:
    version "3.0.0"
    resolved "https://registry.npmjs.org/has-flag/-/has-flag-3.0.0.tgz#b5d454dc2199ae225699f3467e5a07f3b955bafd"
    integrity sha1-tdRU3CGZriJWmfNGfloH87lVuv0=
  
  has-flag@^4.0.0:
    version "4.0.0"
    resolved "https://registry.npmjs.org/has-flag/-/has-flag-4.0.0.tgz#944771fd9c81c81265c4d6941860da06bb59479b"
    integrity sha512-EykJT/Q1KjTWctppgIAgfSO0tKVuZUjhgMr17kqTumMl6Afv3EISleU7qZUzoXDFTAHTDC4NOoG/ZxU3EvlMPQ==
  
  has-property-descriptors@^1.0.0:
    version "1.0.0"
    resolved "https://registry.npmjs.org/has-property-descriptors/-/has-property-descriptors-1.0.0.tgz#610708600606d36961ed04c196193b6a607fa861"
    integrity sha512-62DVLZGoiEBDHQyqG4w9xCuZ7eJEwNmJRWw2VY84Oedb7WFcA27fiEVe8oUQx9hAUJ4ekurquucTGwsyO1XGdQ==
    dependencies:
      get-intrinsic "^1.1.1"
  
  has-symbols@^1.0.1, has-symbols@^1.0.2, has-symbols@^1.0.3:
    version "1.0.3"
    resolved "https://registry.npmjs.org/has-symbols/-/has-symbols-1.0.3.tgz#bb7b2c4349251dce87b125f7bdf874aa7c8b39f8"
    integrity sha512-l3LCuF6MgDNwTDKkdYGEihYjt5pRPbEg46rtlmnSPlUbgmB8LOIrKJbYYFBSbnPaJexMKtiPO8hmeRjRz2Td+A==
  
  has-tostringtag@^1.0.0:
    version "1.0.0"
    resolved "https://registry.npmjs.org/has-tostringtag/-/has-tostringtag-1.0.0.tgz#7e133818a7d394734f941e73c3d3f9291e658b25"
    integrity sha512-kFjcSNhnlGV1kyoGk7OXKSawH5JOb/LzUc5w9B02hOTO0dfFRjbHQKvg1d6cf3HbeUmtU9VbbV3qzZ2Teh97WQ==
    dependencies:
      has-symbols "^1.0.2"
  
  has@^1.0.3, has@~1.0.3:
    version "1.0.3"
    resolved "https://registry.npmjs.org/has/-/has-1.0.3.tgz#722d7cbfc1f6aa8241f16dd814e011e1f41e8796"
    integrity sha512-f2dvO0VU6Oej7RkWJGrehjbzMAjFp5/VKPp5tTpWIV4JHHZK1/BxbFRtf/siA2SWTe09caDmVtYYzWEIbBS4zw==
    dependencies:
      function-bind "^1.1.1"
  
  highlight.js@^9.18.5:
    version "9.18.5"
    resolved "https://registry.npmjs.org/highlight.js/-/highlight.js-9.18.5.tgz#d18a359867f378c138d6819edfc2a8acd5f29825"
    integrity sha512-a5bFyofd/BHCX52/8i8uJkjr9DYwXIPnM/plwI6W7ezItLGqzt7X2G2nXuYSfsIJdkwwj/g9DG1LkcGJI/dDoA==
  
  homedir-polyfill@^1.0.1:
    version "1.0.3"
    resolved "https://registry.npmjs.org/homedir-polyfill/-/homedir-polyfill-1.0.3.tgz#743298cef4e5af3e194161fbadcc2151d3a058e8"
    integrity sha512-eSmmWE5bZTK2Nou4g0AI3zZ9rswp7GRKoKXS1BLUkvPviOqs4YTN1djQIqrXy9k5gEtdLPy86JjRwsNM9tnDcA==
    dependencies:
      parse-passwd "^1.0.0"
  
  hosted-git-info@^2.1.4:
    version "2.8.9"
    resolved "https://registry.npmjs.org/hosted-git-info/-/hosted-git-info-2.8.9.tgz#dffc0bf9a21c02209090f2aa69429e1414daf3f9"
    integrity sha512-mxIDAb9Lsm6DoOJ7xH+5+X4y1LU/4Hi50L9C5sIswK3JzULS4bwk1FvjdBgvYR4bzT4tuUQiC15FE2f5HbLvYw==
  
  hosted-git-info@^4.0.1:
    version "4.1.0"
    resolved "https://registry.npmjs.org/hosted-git-info/-/hosted-git-info-4.1.0.tgz#827b82867e9ff1c8d0c4d9d53880397d2c86d224"
    integrity sha512-kyCuEOWjJqZuDbRHzL8V93NzQhwIB71oFWSyzVo+KPZI+pnQPPxucdkrOZvkLRnrf5URsQM+IJ09Dw29cRALIA==
    dependencies:
      lru-cache "^6.0.0"
  
  human-signals@^1.1.1:
    version "1.1.1"
    resolved "https://registry.npmjs.org/human-signals/-/human-signals-1.1.1.tgz#c5b1cd14f50aeae09ab6c59fe63ba3395fe4dfa3"
    integrity sha512-SEQu7vl8KjNL2eoGBLF3+wAjpsNfA9XMlXAYj/3EdaNfAlxKthD1xjEQfGOUhllCGGJVNY34bRr6lPINhNjyZw==
  
  human-signals@^2.1.0:
    version "2.1.0"
    resolved "https://registry.npmjs.org/human-signals/-/human-signals-2.1.0.tgz#dc91fcba42e4d06e4abaed33b3e7a3c02f514ea0"
    integrity sha512-B4FFZ6q/T2jhhksgkbEW3HBvWIfDW85snkQgawt07S7J5QXTk6BkNV+0yAeZrM5QpMAdYlocGoljn0sJ/WQkFw==
  
  husky@^6.0.0:
    version "6.0.0"
    resolved "https://registry.npmjs.org/husky/-/husky-6.0.0.tgz#810f11869adf51604c32ea577edbc377d7f9319e"
    integrity sha512-SQS2gDTB7tBN486QSoKPKQItZw97BMOd+Kdb6ghfpBc0yXyzrddI0oDV5MkDAbuB4X2mO3/nj60TRMcYxwzZeQ==
  
  iconv-lite@0.4, iconv-lite@^0.4.24:
    version "0.4.24"
    resolved "https://registry.npmjs.org/iconv-lite/-/iconv-lite-0.4.24.tgz#2022b4b25fbddc21d2f524974a474aafe733908b"
    integrity sha512-v3MXnZAcvnywkTUEZomIActle7RXXeedOR31wwl7VlyoXO4Qi9arvSenNQWne1TcRwhCL1HwLI21bEqdpj8/rA==
    dependencies:
      safer-buffer ">= 2.1.2 < 3"
  
  ids@^1.0.0:
    version "1.0.0"
    resolved "https://registry.npmjs.org/ids/-/ids-1.0.0.tgz#df67f2d37b81d7c2effc87e03d17ebff95a58c05"
    integrity sha512-Zvtq1xUto4LttpstyOlFum8lKx+i1OmRfg+6A9drFS9iSZsDPMHG4Sof/qwNR4kCU7jBeWFPrY2ocHxiz7cCRw==
  
  ieee754@^1.2.1:
    version "1.2.1"
    resolved "https://registry.npmjs.org/ieee754/-/ieee754-1.2.1.tgz#8eb7a10a63fff25d15a57b001586d177d1b0d352"
    integrity sha512-dcyqhDvX1C46lXZcVqCpK+FtMRQVdIMN6/Df5js2zouUsqG7I6sFxitIC+7KYK29KdXOLHdu9zL4sFnoVQnqaA==
  
  ignore@^4.0.6:
    version "4.0.6"
    resolved "https://registry.npmjs.org/ignore/-/ignore-4.0.6.tgz#750e3db5862087b4737ebac8207ffd1ef27b25fc"
    integrity sha512-cyFDKrqc/YdcWFniJhzI42+AzS+gNwmUzOSFcRCQYwySuBBBy/KjuxWLZ/FHEH6Moq1NizMOBWyTcv8O4OZIMg==
  
  ignore@^5.1.8, ignore@^5.2.0:
    version "5.2.0"
    resolved "https://registry.npmjs.org/ignore/-/ignore-5.2.0.tgz#6d3bac8fa7fe0d45d9f9be7bac2fc279577e345a"
    integrity sha512-CmxgYGiEPCLhfLnpPp1MoRmifwEIOgjcHXxOBjv7mY96c+eWScsOP9c112ZyLdWHi0FxHjI+4uVhKYp/gcdRmQ==
  
  immutable@^4.0.0:
    version "4.0.0"
    resolved "https://registry.npmjs.org/immutable/-/immutable-4.0.0.tgz#b86f78de6adef3608395efb269a91462797e2c23"
    integrity sha512-zIE9hX70qew5qTUjSS7wi1iwj/l7+m54KWU247nhM3v806UdGj1yDndXj+IOYxxtW9zyLI+xqFNZjTuDaLUqFw==
  
  import-fresh@^3.0.0, import-fresh@^3.2.1:
    version "3.3.0"
    resolved "https://registry.npmjs.org/import-fresh/-/import-fresh-3.3.0.tgz#37162c25fcb9ebaa2e6e53d5b4d88ce17d9e0c2b"
    integrity sha512-veYYhQa+D1QBKznvhUHxb8faxlrwUnxseDAbAp457E0wLNio2bOSKnjYDhMj+YiAq61xrMGhQk9iXVk5FzgQMw==
    dependencies:
      parent-module "^1.0.0"
      resolve-from "^4.0.0"
  
  imurmurhash@^0.1.4:
    version "0.1.4"
    resolved "https://registry.npmjs.org/imurmurhash/-/imurmurhash-0.1.4.tgz#9218b9b2b928a238b13dc4fb6b6d576f231453ea"
    integrity sha1-khi5srkoojixPcT7a21XbyMUU+o=
  
  indent-string@^4.0.0:
    version "4.0.0"
    resolved "https://registry.npmjs.org/indent-string/-/indent-string-4.0.0.tgz#624f8f4497d619b2d9768531d58f4122854d7251"
    integrity sha512-EdDDZu4A2OyIK7Lr/2zG+w5jmbuk1DVBnEwREQvBzspBJkCEbRa8GxU1lghYcaGJCnRWibjDXlq779X1/y5xwg==
  
  indexof@0.0.1:
    version "0.0.1"
    resolved "https://registry.npmjs.org/indexof/-/indexof-0.0.1.tgz#82dc336d232b9062179d05ab3293a66059fd435d"
    integrity sha1-gtwzbSMrkGIXnQWrMpOmYFn9Q10=
  
  inflight@^1.0.4:
    version "1.0.6"
    resolved "https://registry.npmjs.org/inflight/-/inflight-1.0.6.tgz#49bd6331d7d02d0c09bc910a1075ba8165b56df9"
    integrity sha1-Sb1jMdfQLQwJvJEKEHW6gWW1bfk=
    dependencies:
      once "^1.3.0"
      wrappy "1"
  
  inherits@2, inherits@^2.0.1, inherits@^2.0.3, inherits@^2.0.4, inherits@~2.0.0, inherits@~2.0.3, inherits@~2.0.4:
    version "2.0.4"
    resolved "https://registry.npmjs.org/inherits/-/inherits-2.0.4.tgz#0fa2c64f932917c3433a0ded55363aae37416b7c"
    integrity sha512-k/vGaX4/Yla3WzyMCvTQOXYeIHvqOKtnqBduzTHpzpQZzAskKMhZ2K+EnBiSM9zGSoIFeMpXKxa4dYeZIQqewQ==
  
  inherits@2.0.3:
    version "2.0.3"
    resolved "https://registry.npmjs.org/inherits/-/inherits-2.0.3.tgz#633c2c83e3da42a502f52466022480f4208261de"
    integrity sha1-Yzwsg+PaQqUC9SRmAiSA9CCCYd4=
  
  ini@^1.3.4:
    version "1.3.8"
    resolved "https://registry.npmjs.org/ini/-/ini-1.3.8.tgz#a29da425b48806f34767a4efce397269af28432c"
    integrity sha512-JV/yugV2uzW5iMRSiZAyDtQd+nxtUnjeLt0acNdw98kKLrvuRVyB80tsREOE7yvGVgalhZ6RNXCmEHkUKBKxew==
  
  inquirer@6.5.2, inquirer@^6.3.1:
    version "6.5.2"
    resolved "https://registry.npmjs.org/inquirer/-/inquirer-6.5.2.tgz#ad50942375d036d327ff528c08bd5fab089928ca"
    integrity sha512-cntlB5ghuB0iuO65Ovoi8ogLHiWGs/5yNrtUcKjFhSSiVeAIVpD7koaSU9RM8mpXw5YDi9RdYXGQMaOURB7ycQ==
    dependencies:
      ansi-escapes "^3.2.0"
      chalk "^2.4.2"
      cli-cursor "^2.1.0"
      cli-width "^2.0.0"
      external-editor "^3.0.3"
      figures "^2.0.0"
      lodash "^4.17.12"
      mute-stream "0.0.7"
      run-async "^2.2.0"
      rxjs "^6.4.0"
      string-width "^2.1.0"
      strip-ansi "^5.1.0"
      through "^2.3.6"
  
  internal-slot@^1.0.3:
    version "1.0.3"
    resolved "https://registry.npmjs.org/internal-slot/-/internal-slot-1.0.3.tgz#7347e307deeea2faac2ac6205d4bc7d34967f59c"
    integrity sha512-O0DB1JC/sPyZl7cIo78n5dR7eUSwwpYPiXRhTzNxZVAMUuB8vlnRFyLxdrVToks6XPLVnFfbzaVd5WLjhgg+vA==
    dependencies:
      get-intrinsic "^1.1.0"
      has "^1.0.3"
      side-channel "^1.0.4"
  
  internmap@^1.0.0:
    version "1.0.1"
    resolved "https://registry.npmjs.org/internmap/-/internmap-1.0.1.tgz#0017cc8a3b99605f0302f2b198d272e015e5df95"
    integrity sha512-lDB5YccMydFBtasVtxnZ3MRBHuaoE8GKsppq+EchKL2U4nK/DmEpPHNH8MZe5HkMtpSiTSOZwfN0tzYjO/lJEw==
  
  is-arguments@^1.0.4:
    version "1.1.1"
    resolved "https://registry.npmjs.org/is-arguments/-/is-arguments-1.1.1.tgz#15b3f88fda01f2a97fec84ca761a560f123efa9b"
    integrity sha512-8Q7EARjzEnKpt/PCD7e1cgUS0a6X8u5tdSiMqXhojOdoV9TsMsiO+9VLC5vAmO8N7/GmXn7yjR8qnA6bVAEzfA==
    dependencies:
      call-bind "^1.0.2"
      has-tostringtag "^1.0.0"
  
  is-arrayish@^0.2.1:
    version "0.2.1"
    resolved "https://registry.npmjs.org/is-arrayish/-/is-arrayish-0.2.1.tgz#77c99840527aa8ecb1a8ba697b80645a7a926a9d"
    integrity sha1-d8mYQFJ6qOyxqLppe4BkWnqSap0=
  
  is-bigint@^1.0.1:
    version "1.0.4"
    resolved "https://registry.npmjs.org/is-bigint/-/is-bigint-1.0.4.tgz#08147a1875bc2b32005d41ccd8291dffc6691df3"
    integrity sha512-zB9CruMamjym81i2JZ3UMn54PKGsQzsJeo6xvN3HJJ4CAsQNB6iRutp2To77OfCNuoxspsIhzaPoO1zyCEhFOg==
    dependencies:
      has-bigints "^1.0.1"
  
  is-binary-path@~2.1.0:
    version "2.1.0"
    resolved "https://registry.npmjs.org/is-binary-path/-/is-binary-path-2.1.0.tgz#ea1f7f3b80f064236e83470f86c09c254fb45b09"
    integrity sha512-ZMERYes6pDydyuGidse7OsHxtbI7WVeUEozgR/g7rd0xUimYNlvZRE/K2MgZTjWy725IfelLeVcEM97mmtRGXw==
    dependencies:
      binary-extensions "^2.0.0"
  
  is-boolean-object@^1.1.0:
    version "1.1.2"
    resolved "https://registry.npmjs.org/is-boolean-object/-/is-boolean-object-1.1.2.tgz#5c6dc200246dd9321ae4b885a114bb1f75f63719"
    integrity sha512-gDYaKHJmnj4aWxyj6YHyXVpdQawtVLHU5cb+eztPGczf6cjuTdwve5ZIEfgXqH4e57An1D1AKf8CZ3kYrQRqYA==
    dependencies:
      call-bind "^1.0.2"
      has-tostringtag "^1.0.0"
  
  is-buffer@^1.1.5:
    version "1.1.6"
    resolved "https://registry.npmjs.org/is-buffer/-/is-buffer-1.1.6.tgz#efaa2ea9daa0d7ab2ea13a97b2b8ad51fefbe8be"
    integrity sha512-NcdALwpXkTm5Zvvbk7owOUSvVvBKDgKP5/ewfXEznmQFfs4ZRmanOeKBTjRVjka3QFoN6XJ+9F3USqfHqTaU5w==
  
  is-callable@^1.1.3, is-callable@^1.1.4, is-callable@^1.2.4:
    version "1.2.4"
    resolved "https://registry.npmjs.org/is-callable/-/is-callable-1.2.4.tgz#47301d58dd0259407865547853df6d61fe471945"
    integrity sha512-nsuwtxZfMX67Oryl9LCQ+upnC0Z0BgpwntpS89m1H/TLF0zNfzfLMV/9Wa/6MZsj0acpEjAO0KF1xT6ZdLl95w==
  
  is-core-module@^2.5.0, is-core-module@^2.8.1:
    version "2.9.0"
    resolved "https://registry.npmjs.org/is-core-module/-/is-core-module-2.9.0.tgz#e1c34429cd51c6dd9e09e0799e396e27b19a9c69"
    integrity sha512-+5FPy5PnwmO3lvfMb0AsoPaBG+5KHUI0wYFXOtYPnVVVspTFUuMZNfNaNVRt3FZadstu2c8x23vykRW/NBoU6A==
    dependencies:
      has "^1.0.3"
  
  is-date-object@^1.0.1:
    version "1.0.5"
    resolved "https://registry.npmjs.org/is-date-object/-/is-date-object-1.0.5.tgz#0841d5536e724c25597bf6ea62e1bd38298df31f"
    integrity sha512-9YQaSxsAiSwcvS33MBk3wTCVnWK+HhF8VZR2jRxehM16QcVOdHqPn4VPHmRK4lSr38n9JriurInLcP90xsYNfQ==
    dependencies:
      has-tostringtag "^1.0.0"
  
  is-extglob@^2.1.1:
    version "2.1.1"
    resolved "https://registry.npmjs.org/is-extglob/-/is-extglob-2.1.1.tgz#a88c02535791f02ed37c76a1b9ea9773c833f8c2"
    integrity sha1-qIwCU1eR8C7TfHahueqXc8gz+MI=
  
  is-fullwidth-code-point@^2.0.0:
    version "2.0.0"
    resolved "https://registry.npmjs.org/is-fullwidth-code-point/-/is-fullwidth-code-point-2.0.0.tgz#a3b30a5c4f199183167aaab93beefae3ddfb654f"
    integrity sha1-o7MKXE8ZkYMWeqq5O+764937ZU8=
  
  is-fullwidth-code-point@^3.0.0:
    version "3.0.0"
    resolved "https://registry.npmjs.org/is-fullwidth-code-point/-/is-fullwidth-code-point-3.0.0.tgz#f116f8064fe90b3f7844a38997c0b75051269f1d"
    integrity sha512-zymm5+u+sCsSWyD9qNaejV3DFvhCKclKdizYaJUuHA83RLjb7nSuGnddCHGv0hk+KY7BMAlsWeK4Ueg6EV6XQg==
  
  is-glob@^4.0.0, is-glob@^4.0.1, is-glob@^4.0.3, is-glob@~4.0.1:
    version "4.0.3"
    resolved "https://registry.npmjs.org/is-glob/-/is-glob-4.0.3.tgz#64f61e42cbbb2eec2071a9dac0b28ba1e65d5084"
    integrity sha512-xelSayHH36ZgE7ZWhli7pW34hNbNl8Ojv5KVmkJD4hBdD3th8Tfk9vYasLM+mXWOZhFkgZfxhLSnrwRr4elSSg==
    dependencies:
      is-extglob "^2.1.1"
  
  is-negative-zero@^2.0.2:
    version "2.0.2"
    resolved "https://registry.npmjs.org/is-negative-zero/-/is-negative-zero-2.0.2.tgz#7bf6f03a28003b8b3965de3ac26f664d765f3150"
    integrity sha512-dqJvarLawXsFbNDeJW7zAz8ItJ9cd28YufuuFzh0G8pNHjJMnY08Dv7sYX2uF5UpQOwieAeOExEYAWWfu7ZZUA==
  
  is-number-object@^1.0.4:
    version "1.0.7"
    resolved "https://registry.npmjs.org/is-number-object/-/is-number-object-1.0.7.tgz#59d50ada4c45251784e9904f5246c742f07a42fc"
    integrity sha512-k1U0IRzLMo7ZlYIfzRu23Oh6MiIFasgpb9X76eqfFZAqwH44UI4KTBvBYIZ1dSL9ZzChTB9ShHfLkR4pdW5krQ==
    dependencies:
      has-tostringtag "^1.0.0"
  
  is-number@^7.0.0:
    version "7.0.0"
    resolved "https://registry.npmjs.org/is-number/-/is-number-7.0.0.tgz#7535345b896734d5f80c4d06c50955527a14f12b"
    integrity sha512-41Cifkg6e8TylSpdtTpeLVMqvSBEVzTttHvERD741+pnZ8ANv0004MRL43QKPDlK9cGvNp6NZWZUBlbGXYxxng==
  
  is-obj@^1.0.1:
    version "1.0.1"
    resolved "https://registry.npmjs.org/is-obj/-/is-obj-1.0.1.tgz#3e4729ac1f5fde025cd7d83a896dab9f4f67db0f"
    integrity sha1-PkcprB9f3gJc19g6iW2rn09n2w8=
  
  is-obj@^2.0.0:
    version "2.0.0"
    resolved "https://registry.npmjs.org/is-obj/-/is-obj-2.0.0.tgz#473fb05d973705e3fd9620545018ca8e22ef4982"
    integrity sha512-drqDG3cbczxxEJRoOXcOjtdp1J/lyp1mNn0xaznRs8+muBhgQcrnbspox5X5fOw0HnMnbfDzvnEMEtqDEJEo8w==
  
  is-plain-obj@^1.1.0:
    version "1.1.0"
    resolved "https://registry.npmjs.org/is-plain-obj/-/is-plain-obj-1.1.0.tgz#71a50c8429dfca773c92a390a4a03b39fcd51d3e"
    integrity sha1-caUMhCnfync8kqOQpKA7OfzVHT4=
  
  is-regex@^1.0.4, is-regex@^1.1.4, is-regex@~1.1.4:
    version "1.1.4"
    resolved "https://registry.npmjs.org/is-regex/-/is-regex-1.1.4.tgz#eef5663cd59fa4c0ae339505323df6854bb15958"
    integrity sha512-kvRdxDsxZjhzUX07ZnLydzS1TU/TJlTUHHY4YLL87e37oUA49DfkLqgy+VjFocowy29cKvcSiu+kIv728jTTVg==
    dependencies:
      call-bind "^1.0.2"
      has-tostringtag "^1.0.0"
  
  is-regexp@^1.0.0:
    version "1.0.0"
    resolved "https://registry.npmjs.org/is-regexp/-/is-regexp-1.0.0.tgz#fd2d883545c46bac5a633e7b9a09e87fa2cb5069"
    integrity sha1-/S2INUXEa6xaYz57mgnof6LLUGk=
  
  is-shared-array-buffer@^1.0.2:
    version "1.0.2"
    resolved "https://registry.npmjs.org/is-shared-array-buffer/-/is-shared-array-buffer-1.0.2.tgz#8f259c573b60b6a32d4058a1a07430c0a7344c79"
    integrity sha512-sqN2UDu1/0y6uvXyStCOzyhAjCSlHceFoMKJW8W9EU9cvic/QdsZ0kEU93HEy3IUEFZIiH/3w+AH/UQbPHNdhA==
    dependencies:
      call-bind "^1.0.2"
  
  is-stream@^2.0.0:
    version "2.0.1"
    resolved "https://registry.npmjs.org/is-stream/-/is-stream-2.0.1.tgz#fac1e3d53b97ad5a9d0ae9cef2389f5810a5c077"
    integrity sha512-hFoiJiTl63nn+kstHGBtewWSKnQLpyb155KHheA1l39uvtO9nWIop1p3udqPcUd/xbF1VLMO4n7OI6p7RbngDg==
  
  is-string@^1.0.5, is-string@^1.0.7:
    version "1.0.7"
    resolved "https://registry.npmjs.org/is-string/-/is-string-1.0.7.tgz#0dd12bf2006f255bb58f695110eff7491eebc0fd"
    integrity sha512-tE2UXzivje6ofPW7l23cjDOMa09gb7xlAqG6jG5ej6uPV32TlWP3NKPigtaGeHNu9fohccRYvIiZMfOOnOYUtg==
    dependencies:
      has-tostringtag "^1.0.0"
  
  is-symbol@^1.0.2, is-symbol@^1.0.3:
    version "1.0.4"
    resolved "https://registry.npmjs.org/is-symbol/-/is-symbol-1.0.4.tgz#a6dac93b635b063ca6872236de88910a57af139c"
    integrity sha512-C/CPBqKWnvdcxqIARxyOh4v1UUEOCHpgDa0WYgpKDFMszcrPcffg5uhwSgPCLD2WWxmq6isisz87tzT01tuGhg==
    dependencies:
      has-symbols "^1.0.2"
  
  is-text-path@^1.0.1:
    version "1.0.1"
    resolved "https://registry.npmjs.org/is-text-path/-/is-text-path-1.0.1.tgz#4e1aa0fb51bfbcb3e92688001397202c1775b66e"
    integrity sha1-Thqg+1G/vLPpJogAE5cgLBd1tm4=
    dependencies:
      text-extensions "^1.0.0"
  
  is-unicode-supported@^0.1.0:
    version "0.1.0"
    resolved "https://registry.npmjs.org/is-unicode-supported/-/is-unicode-supported-0.1.0.tgz#3f26c76a809593b52bfa2ecb5710ed2779b522a7"
    integrity sha512-knxG2q4UC3u8stRGyAVJCOdxFmv5DZiRcdlIaAQXAbSfJya+OhopNotLQrstBhququ4ZpuKbDc/8S6mgXgPFPw==
  
  is-utf8@^0.2.1:
    version "0.2.1"
    resolved "https://registry.npmjs.org/is-utf8/-/is-utf8-0.2.1.tgz#4b0da1442104d1b336340e80797e865cf39f7d72"
    integrity sha1-Sw2hRCEE0bM2NA6AeX6GXPOffXI=
  
  is-weakref@^1.0.2:
    version "1.0.2"
    resolved "https://registry.npmjs.org/is-weakref/-/is-weakref-1.0.2.tgz#9529f383a9338205e89765e0392efc2f100f06f2"
    integrity sha512-qctsuLZmIQ0+vSSMfoVvyFe2+GSEvnmZ2ezTup1SBse9+twCCeial6EEi3Nc2KFcf6+qz2FBPnjXsk8xhKSaPQ==
    dependencies:
      call-bind "^1.0.2"
  
  is-windows@^1.0.1:
    version "1.0.2"
    resolved "https://registry.npmjs.org/is-windows/-/is-windows-1.0.2.tgz#d1850eb9791ecd18e6182ce12a30f396634bb19d"
    integrity sha512-eXK1UInq2bPmjyX6e3VHIzMLobc4J94i4AWn+Hpq3OU5KkrRC96OAcR3PRJ/pGu6m8TRnBHP9dkXQVsT/COVIA==
  
  isarray@~0.0.1:
    version "0.0.1"
    resolved "https://registry.npmjs.org/isarray/-/isarray-0.0.1.tgz#8a18acfca9a8f4177e09abfc6038939b05d1eedf"
    integrity sha1-ihis/Kmo9Bd+Cav8YDiTmwXR7t8=
  
  isarray@~1.0.0:
    version "1.0.0"
    resolved "https://registry.npmjs.org/isarray/-/isarray-1.0.0.tgz#bb935d48582cba168c06834957a54a3e07124f11"
    integrity sha1-u5NdSFgsuhaMBoNJV6VKPgcSTxE=
  
  isexe@^2.0.0:
    version "2.0.0"
    resolved "https://registry.npmjs.org/isexe/-/isexe-2.0.0.tgz#e8fbf374dc556ff8947a10dcb0572d633f2cfa10"
    integrity sha1-6PvzdNxVb/iUehDcsFctYz8s+hA=
  
  js-cookie@^2.2.1:
    version "2.2.1"
    resolved "https://registry.npmjs.org/js-cookie/-/js-cookie-2.2.1.tgz#69e106dc5d5806894562902aa5baec3744e9b2b8"
    integrity sha512-HvdH2LzI/EAZcUwA8+0nKNtWHqS+ZmijLA30RwZA0bo7ToCckjK5MkGhjED9KoRcXO6BaGI3I9UIzSA1FKFPOQ==
  
  js-tokens@^4.0.0:
    version "4.0.0"
    resolved "https://registry.npmjs.org/js-tokens/-/js-tokens-4.0.0.tgz#19203fb59991df98e3a287050d4647cdeaf32499"
    integrity sha512-RdJUflcE3cUzKiMqQgsCu06FPu9UdIJO0beYbPhHN4k6apgJtifcoCtT9bcxOpYBtpD2kCM6Sbzg4CausW/PKQ==
  
  js-yaml@^3.13.1:
    version "3.14.1"
    resolved "https://registry.npmjs.org/js-yaml/-/js-yaml-3.14.1.tgz#dae812fdb3825fa306609a8717383c50c36a0537"
    integrity sha512-okMH7OXXJ7YrN9Ok3/SXrnu4iX9yOk+25nqX4imS2npuvTYDmo/QEZoqwZkYaIDk3jVvBOTOIEgEhaLOynBS9g==
    dependencies:
      argparse "^1.0.7"
      esprima "^4.0.0"
  
  json-parse-even-better-errors@^2.3.0:
    version "2.3.1"
    resolved "https://registry.npmjs.org/json-parse-even-better-errors/-/json-parse-even-better-errors-2.3.1.tgz#7c47805a94319928e05777405dc12e1f7a4ee02d"
    integrity sha512-xyFwyhro/JEof6Ghe2iz2NcXoj2sloNsWr/XsERDK/oiPCfaNhl5ONfp+jQdAZRQQ0IJWNzH9zIZF7li91kh2w==
  
  json-schema-traverse@^0.4.1:
    version "0.4.1"
    resolved "https://registry.npmjs.org/json-schema-traverse/-/json-schema-traverse-0.4.1.tgz#69f6a87d9513ab8bb8fe63bdb0979c448e684660"
    integrity sha512-xbbCH5dCYU5T8LcEhhuh7HJ88HXuW3qsI3Y0zOZFKfZEHcpWiHU/Jxzk629Brsab/mMiHQti9wMP+845RPe3Vg==
  
  json-schema-traverse@^1.0.0:
    version "1.0.0"
    resolved "https://registry.npmjs.org/json-schema-traverse/-/json-schema-traverse-1.0.0.tgz#ae7bcb3656ab77a73ba5c49bf654f38e6b6860e2"
    integrity sha512-NM8/P9n3XjXhIZn1lLhkFaACTOURQXjWhV4BA/RnOv8xvgqtqpAX9IO4mRQxSx1Rlo4tqzeqb0sOlruaOy3dug==
  
  json-stable-stringify-without-jsonify@^1.0.1:
    version "1.0.1"
    resolved "https://registry.npmjs.org/json-stable-stringify-without-jsonify/-/json-stable-stringify-without-jsonify-1.0.1.tgz#9db7b59496ad3f3cfef30a75142d2d930ad72651"
    integrity sha1-nbe1lJatPzz+8wp1FC0tkwrXJlE=
  
  json2module@^0.0.3:
    version "0.0.3"
    resolved "https://registry.npmjs.org/json2module/-/json2module-0.0.3.tgz#00fb5f4a9b7adfc3f0647c29cb17bcd1979be9b2"
    integrity sha1-APtfSpt638PwZHwpyxe80Zeb6bI=
    dependencies:
      rw "^1.3.2"
  
  json5@^1.0.1:
    version "1.0.1"
    resolved "https://registry.npmjs.org/json5/-/json5-1.0.1.tgz#779fb0018604fa854eacbf6252180d83543e3dbe"
    integrity sha512-aKS4WQjPenRxiQsC93MNfjx+nbF4PAdYzmd/1JIj8HYzqfbu86beTuNgXDzPknWk0n0uARlyewZo4s++ES36Ow==
    dependencies:
      minimist "^1.2.0"
  
  jsonfile@^4.0.0:
    version "4.0.0"
    resolved "https://registry.npmjs.org/jsonfile/-/jsonfile-4.0.0.tgz#8771aae0799b64076b76640fca058f9c10e33ecb"
    integrity sha1-h3Gq4HmbZAdrdmQPygWPnBDjPss=
    optionalDependencies:
      graceful-fs "^4.1.6"
  
  jsonfile@^6.0.1:
    version "6.1.0"
    resolved "https://registry.npmjs.org/jsonfile/-/jsonfile-6.1.0.tgz#bc55b2634793c679ec6403094eb13698a6ec0aae"
    integrity sha512-5dgndWOriYSm5cnYaJNhalLNDKOqFwyDB/rr1E9ZsGciGvKPs8R2xYGCacuf3z6K1YKDz182fd+fY3cn3pMqXQ==
    dependencies:
      universalify "^2.0.0"
    optionalDependencies:
      graceful-fs "^4.1.6"
  
  jsonparse@^1.2.0:
    version "1.3.1"
    resolved "https://registry.npmjs.org/jsonparse/-/jsonparse-1.3.1.tgz#3f4dae4a91fac315f71062f8521cc239f1366280"
    integrity sha1-P02uSpH6wxX3EGL4UhzCOfE2YoA=
  
  kind-of@^3.0.2:
    version "3.2.2"
    resolved "https://registry.npmjs.org/kind-of/-/kind-of-3.2.2.tgz#31ea21a734bab9bbb0f32466d893aea51e4a3c64"
    integrity sha1-MeohpzS6ubuw8yRm2JOupR5KPGQ=
    dependencies:
      is-buffer "^1.1.5"
  
  kind-of@^6.0.3:
    version "6.0.3"
    resolved "https://registry.npmjs.org/kind-of/-/kind-of-6.0.3.tgz#07c05034a6c349fa06e24fa35aa76db4580ce4dd"
    integrity sha512-dcS1ul+9tmeD95T+x28/ehLgd9mENa3LsvDTtzm3vyBEO7RPptvAD+t44WVXaUjTBRcrpFeFlC8WCruUR456hw==
  
  kolorist@^1.5.1:
    version "1.5.1"
    resolved "https://registry.npmjs.org/kolorist/-/kolorist-1.5.1.tgz#c3d66dc4fabde4f6b7faa6efda84c00491f9e52b"
    integrity sha512-lxpCM3HTvquGxKGzHeknB/sUjuVoUElLlfYnXZT73K8geR9jQbroGlSCFBax9/0mpGoD3kzcMLnOlGQPJJNyqQ==
  
  lazy-cache@^1.0.3:
    version "1.0.4"
    resolved "https://registry.npmjs.org/lazy-cache/-/lazy-cache-1.0.4.tgz#a1d78fc3a50474cb80845d3b3b6e1da49a446e8e"
    integrity sha1-odePw6UEdMuAhF07O24dpJpEbo4=
  
  levn@^0.4.1:
    version "0.4.1"
    resolved "https://registry.npmjs.org/levn/-/levn-0.4.1.tgz#ae4562c007473b932a6200d403268dd2fffc6ade"
    integrity sha512-+bT2uH4E5LGE7h/n3evcS/sQlJXCpIp6ym8OWJ5eV6+67Dsql/LaaT7qJBAt2rzfoa/5QBGBhxDix1dMt2kQKQ==
    dependencies:
      prelude-ls "^1.2.1"
      type-check "~0.4.0"
  
  lines-and-columns@^1.1.6:
    version "1.2.4"
    resolved "https://registry.npmjs.org/lines-and-columns/-/lines-and-columns-1.2.4.tgz#eca284f75d2965079309dc0ad9255abb2ebc1632"
    integrity sha512-7ylylesZQ/PV29jhEDl3Ufjo6ZX7gCqJr5F7PKrqc93v7fzSymt1BpwEU8nAUXs8qzzvqhbjhK5QZg6Mt/HkBg==
  
  lint-staged@^10.5.4:
    version "10.5.4"
    resolved "https://registry.npmjs.org/lint-staged/-/lint-staged-10.5.4.tgz#cd153b5f0987d2371fc1d2847a409a2fe705b665"
    integrity sha512-EechC3DdFic/TdOPgj/RB3FicqE6932LTHCUm0Y2fsD9KGlLB+RwJl2q1IYBIvEsKzDOgn0D4gll+YxG5RsrKg==
    dependencies:
      chalk "^4.1.0"
      cli-truncate "^2.1.0"
      commander "^6.2.0"
      cosmiconfig "^7.0.0"
      debug "^4.2.0"
      dedent "^0.7.0"
      enquirer "^2.3.6"
      execa "^4.1.0"
      listr2 "^3.2.2"
      log-symbols "^4.0.0"
      micromatch "^4.0.2"
      normalize-path "^3.0.0"
      please-upgrade-node "^3.2.0"
      string-argv "0.3.1"
      stringify-object "^3.3.0"
  
  listenercount@~1.0.1:
    version "1.0.1"
    resolved "https://registry.npmjs.org/listenercount/-/listenercount-1.0.1.tgz#84c8a72ab59c4725321480c975e6508342e70937"
    integrity sha1-hMinKrWcRyUyFIDJdeZQg0LnCTc=
  
  listr2@^3.2.2:
    version "3.14.0"
    resolved "https://registry.npmjs.org/listr2/-/listr2-3.14.0.tgz#23101cc62e1375fd5836b248276d1d2b51fdbe9e"
    integrity sha512-TyWI8G99GX9GjE54cJ+RrNMcIFBfwMPxc3XTFiAYGN4s10hWROGtOg7+O6u6LE3mNkyld7RSLE6nrKBvTfcs3g==
    dependencies:
      cli-truncate "^2.1.0"
      colorette "^2.0.16"
      log-update "^4.0.0"
      p-map "^4.0.0"
      rfdc "^1.3.0"
      rxjs "^7.5.1"
      through "^2.3.8"
      wrap-ansi "^7.0.0"
  
  local-pkg@^0.4.1:
    version "0.4.1"
    resolved "https://registry.npmjs.org/local-pkg/-/local-pkg-0.4.1.tgz#e7b0d7aa0b9c498a1110a5ac5b00ba66ef38cfff"
    integrity sha512-lL87ytIGP2FU5PWwNDo0w3WhIo2gopIAxPg9RxDYF7m4rr5ahuZxP22xnJHIvaLTe4Z9P6uKKY2UHiwyB4pcrw==
  
  locate-path@^2.0.0:
    version "2.0.0"
    resolved "https://registry.npmjs.org/locate-path/-/locate-path-2.0.0.tgz#2b568b265eec944c6d9c0de9c3dbbbca0354cd8e"
    integrity sha1-K1aLJl7slExtnA3pw9u7ygNUzY4=
    dependencies:
      p-locate "^2.0.0"
      path-exists "^3.0.0"
  
  locate-path@^5.0.0:
    version "5.0.0"
    resolved "https://registry.npmjs.org/locate-path/-/locate-path-5.0.0.tgz#1afba396afd676a6d42504d0a67a3a7eb9f62aa0"
    integrity sha512-t7hw9pI+WvuwNJXwk5zVHpyhIqzg2qTlklJOf0mVxGSbe3Fp2VieZcduNYjaLDoy6p9uGpQEGWG87WpMKlNq8g==
    dependencies:
      p-locate "^4.1.0"
  
  locate-path@^6.0.0:
    version "6.0.0"
    resolved "https://registry.npmjs.org/locate-path/-/locate-path-6.0.0.tgz#55321eb309febbc59c4801d931a72452a681d286"
    integrity sha512-iPZK6eYjbxRu3uB4/WZ3EsEIMJFMqAoopl3R+zuq0UjcAm/MO6KCweDgPfP3elTztoKP3KtnVHxTn2NHBSDVUw==
    dependencies:
      p-locate "^5.0.0"
  
  lodash-es@^4.17.15, lodash-es@^4.17.21:
    version "4.17.21"
    resolved "https://registry.npmjs.org/lodash-es/-/lodash-es-4.17.21.tgz#43e626c46e6591b7750beb2b50117390c609e3ee"
    integrity sha512-mKnC+QJ9pWVzv+C4/U3rRsHapFfHvQFoFB92e52xeyGMcX6/OlIl78je1u8vePzYZSkkogMPJ2yjxxsb89cxyw==
  
  lodash-unified@^1.0.2:
    version "1.0.2"
    resolved "https://registry.npmjs.org/lodash-unified/-/lodash-unified-1.0.2.tgz#bb2694db3533781e5cce984af60cfaea318b83c1"
    integrity sha512-OGbEy+1P+UT26CYi4opY4gebD8cWRDxAT6MAObIVQMiqYdxZr1g3QHWCToVsm31x2NkLS4K3+MC2qInaRMa39g==
  
  lodash.map@^4.5.1:
    version "4.6.0"
    resolved "https://registry.npmjs.org/lodash.map/-/lodash.map-4.6.0.tgz#771ec7839e3473d9c4cde28b19394c3562f4f6d3"
    integrity sha1-dx7Hg540c9nEzeKLGTlMNWL09tM=
  
  lodash.merge@^4.6.2:
    version "4.6.2"
    resolved "https://registry.npmjs.org/lodash.merge/-/lodash.merge-4.6.2.tgz#558aa53b43b661e1925a0afdfa36a9a1085fe57a"
    integrity sha512-0KpjqXRVvrYyCsX1swR/XTK0va6VQkQM6MNo7PqW77ByjAhoARA8EfrP1N4+KlKj8YS0ZUCtRT/YUuhyYDujIQ==
  
  lodash.truncate@^4.4.2:
    version "4.4.2"
    resolved "https://registry.npmjs.org/lodash.truncate/-/lodash.truncate-4.4.2.tgz#5a350da0b1113b837ecfffd5812cbe58d6eae193"
    integrity sha1-WjUNoLERO4N+z//VgSy+WNbq4ZM=
  
  lodash@^4.17.12, lodash@^4.17.15, lodash@^4.17.19, lodash@^4.17.20, lodash@^4.17.21:
    version "4.17.21"
    resolved "https://registry.npmjs.org/lodash/-/lodash-4.17.21.tgz#679591c564c3bffaae8454cf0b3df370c3d6911c"
    integrity sha512-v2kDEe57lecTulaDIuNTPy3Ry4gLGJ6Z1O3vE1krgXZNrsQ+LFTGHVxVjcXPs17LhbZVGedAJv8XZ1tvj5FvSg==
  
  log-symbols@^4.0.0:
    version "4.1.0"
    resolved "https://registry.npmjs.org/log-symbols/-/log-symbols-4.1.0.tgz#3fbdbb95b4683ac9fc785111e792e558d4abd503"
    integrity sha512-8XPvpAA8uyhfteu8pIvQxpJZ7SYYdpUivZpGy6sFsBuKRY/7rQGavedeB8aK+Zkyq6upMFVL/9AW6vOYzfRyLg==
    dependencies:
      chalk "^4.1.0"
      is-unicode-supported "^0.1.0"
  
  log-update@^4.0.0:
    version "4.0.0"
    resolved "https://registry.npmjs.org/log-update/-/log-update-4.0.0.tgz#589ecd352471f2a1c0c570287543a64dfd20e0a1"
    integrity sha512-9fkkDevMefjg0mmzWFBW8YkFP91OrizzkW3diF7CpG+S2EYdy4+TVfGwz1zeF8x7hCx1ovSPTOE9Ngib74qqUg==
    dependencies:
      ansi-escapes "^4.3.0"
      cli-cursor "^3.1.0"
      slice-ansi "^4.0.0"
      wrap-ansi "^6.2.0"
  
  longest@^1.0.1:
    version "1.0.1"
    resolved "https://registry.npmjs.org/longest/-/longest-1.0.1.tgz#30a0b2da38f73770e8294a0d22e6625ed77d0097"
    integrity sha1-MKCy2jj3N3DoKUoNIuZiXtd9AJc=
  
  longest@^2.0.1:
    version "2.0.1"
    resolved "https://registry.npmjs.org/longest/-/longest-2.0.1.tgz#781e183296aa94f6d4d916dc335d0d17aefa23f8"
    integrity sha1-eB4YMpaqlPbU2RbcM10NF676I/g=
  
  lru-cache@^6.0.0:
    version "6.0.0"
    resolved "https://registry.npmjs.org/lru-cache/-/lru-cache-6.0.0.tgz#6d6fe6570ebd96aaf90fcad1dafa3b2566db3a94"
    integrity sha512-Jo6dJ04CmSjuznwJSS3pUeWmd/H0ffTlkXXgwZi+eq1UCmqQwCh+eLsYOYCwY991i2Fah4h1BEMCx4qThGbsiA==
    dependencies:
      yallist "^4.0.0"
  
  magic-string@^0.25.7:
    version "0.25.9"
    resolved "https://registry.npmjs.org/magic-string/-/magic-string-0.25.9.tgz#de7f9faf91ef8a1c91d02c2e5314c8277dbcdd1c"
    integrity sha512-RmF0AsMzgt25qzqqLc1+MbHmhdx0ojF2Fvs4XnOqz2ZOBXzzkEwc/dJQZCYHAn7v1jbVOjAZfK8msRn4BxO4VQ==
    dependencies:
      sourcemap-codec "^1.4.8"
  
  magic-string@^0.26.1:
    version "0.26.1"
    resolved "https://registry.npmjs.org/magic-string/-/magic-string-0.26.1.tgz#ba9b651354fa9512474199acecf9c6dbe93f97fd"
    integrity sha512-ndThHmvgtieXe8J/VGPjG+Apu7v7ItcD5mhEIvOscWjPF/ccOiLxHaSuCAS2G+3x4GKsAbT8u7zdyamupui8Tg==
    dependencies:
      sourcemap-codec "^1.4.8"
  
  make-error@^1.1.1:
    version "1.3.6"
    resolved "https://registry.npmjs.org/make-error/-/make-error-1.3.6.tgz#2eb2e37ea9b67c4891f684a1394799af484cf7a2"
    integrity sha512-s8UhlNe7vPKomQhC1qFelMokr/Sc3AgNbso3n74mVPA5LTZwkB9NlXf4XPamLxJE8h0gh73rM94xvwRT2CVInw==
  
  map-obj@^1.0.0:
    version "1.0.1"
    resolved "https://registry.npmjs.org/map-obj/-/map-obj-1.0.1.tgz#d933ceb9205d82bdcf4886f6742bdc2b4dea146d"
    integrity sha1-2TPOuSBdgr3PSIb2dCvcK03qFG0=
  
  map-obj@^4.0.0:
    version "4.3.0"
    resolved "https://registry.npmjs.org/map-obj/-/map-obj-4.3.0.tgz#9304f906e93faae70880da102a9f1df0ea8bb05a"
    integrity sha512-hdN1wVrZbb29eBGiGjJbeP8JbKjq1urkHJ/LIP/NY48MZ1QVXUsQBV1G1zvYFHn1XE06cwjBsOI2K3Ulnj1YXQ==
  
  marked@^2.0.7:
    version "2.1.3"
    resolved "https://registry.npmjs.org/marked/-/marked-2.1.3.tgz#bd017cef6431724fd4b27e0657f5ceb14bff3753"
    integrity sha512-/Q+7MGzaETqifOMWYEA7HVMaZb4XbcRfaOzcSsHZEith83KGlvaSG33u0SKu89Mj5h+T8V2hM+8O45Qc5XTgwA==
  
  matches-selector@^1.2.0:
    version "1.2.0"
    resolved "https://registry.npmjs.org/matches-selector/-/matches-selector-1.2.0.tgz#d1814e7e8f43e69d22ac33c9af727dc884ecf12a"
    integrity sha512-c4vLwYWyl+Ji+U43eU/G5FwxWd4ZH0ePUsFs5y0uwD9HUEFBXUQ1zUUan+78IpRD+y4pUfG0nAzNM292K7ItvA==
  
  memoize-one@^6.0.0:
    version "6.0.0"
    resolved "https://registry.npmjs.org/memoize-one/-/memoize-one-6.0.0.tgz#b2591b871ed82948aee4727dc6abceeeac8c1045"
    integrity sha512-rkpe71W0N0c0Xz6QD0eJETuWAJGnJ9afsl1srmwPrI+yBCkge5EycXXbYRyvL29zZVUWQCY7InPRCv3GDXuZNw==
  
  meow@^8.0.0:
    version "8.1.2"
    resolved "https://registry.npmjs.org/meow/-/meow-8.1.2.tgz#bcbe45bda0ee1729d350c03cffc8395a36c4e897"
    integrity sha512-r85E3NdZ+mpYk1C6RjPFEMSE+s1iZMuHtsHAqY0DT3jZczl0diWUZ8g6oU7h0M9cD2EL+PzaYghhCLzR0ZNn5Q==
    dependencies:
      "@types/minimist" "^1.2.0"
      camelcase-keys "^6.2.2"
      decamelize-keys "^1.1.0"
      hard-rejection "^2.1.0"
      minimist-options "4.1.0"
      normalize-package-data "^3.0.0"
      read-pkg-up "^7.0.1"
      redent "^3.0.0"
      trim-newlines "^3.0.0"
      type-fest "^0.18.0"
      yargs-parser "^20.2.3"
  
  merge-stream@^2.0.0:
    version "2.0.0"
    resolved "https://registry.npmjs.org/merge-stream/-/merge-stream-2.0.0.tgz#52823629a14dd00c9770fb6ad47dc6310f2c1f60"
    integrity sha512-abv/qOcuPfk3URPfDzmZU1LKmuw8kT+0nIHvKrKgFrwifol/doWcdA4ZqsWQ8ENrFKkd67Mfpo/LovbIUsbt3w==
  
  merge2@^1.3.0, merge2@^1.4.1:
    version "1.4.1"
    resolved "https://registry.npmjs.org/merge2/-/merge2-1.4.1.tgz#4368892f885e907455a6fd7dc55c0c9d404990ae"
    integrity sha512-8q7VEgMJW4J8tcfVPy8g09NcQwZdbwFEqhe/WZkoIzjn/3TGDwtOCYtXGxA3O8tPzpczCCDgv+P2P5y00ZJOOg==
  
  merge@^2.1.1:
    version "2.1.1"
    resolved "https://registry.npmjs.org/merge/-/merge-2.1.1.tgz#59ef4bf7e0b3e879186436e8481c06a6c162ca98"
    integrity sha512-jz+Cfrg9GWOZbQAnDQ4hlVnQky+341Yk5ru8bZSe6sIDTCIg8n9i/u7hSQGSVOF3C7lH6mGtqjkiT9G4wFLL0w==
  
  micromatch@^4.0.2, micromatch@^4.0.4:
    version "4.0.5"
    resolved "https://registry.npmjs.org/micromatch/-/micromatch-4.0.5.tgz#bc8999a7cbbf77cdc89f132f6e467051b49090c6"
    integrity sha512-DMy+ERcEW2q8Z2Po+WNXuw3c5YaUSFjAO5GsJqfEl7UjvtIuFKO6ZrKvcItdy98dwFI2N1tg3zNIdKaQT+aNdA==
    dependencies:
      braces "^3.0.2"
      picomatch "^2.3.1"
  
  mimic-fn@^1.0.0:
    version "1.2.0"
    resolved "https://registry.npmjs.org/mimic-fn/-/mimic-fn-1.2.0.tgz#820c86a39334640e99516928bd03fca88057d022"
    integrity sha512-jf84uxzwiuiIVKiOLpfYk7N46TSy8ubTonmneY9vrpHNAnp0QBt2BxWV9dO3/j+BoVAb+a5G6YDPW3M5HOdMWQ==
  
  mimic-fn@^2.1.0:
    version "2.1.0"
    resolved "https://registry.npmjs.org/mimic-fn/-/mimic-fn-2.1.0.tgz#7ed2c2ccccaf84d3ffcb7a69b57711fc2083401b"
    integrity sha512-OqbOk5oEQeAZ8WXWydlu9HJjz9WVdEIvamMCcXmuqUYjTknH/sqsWvhQ3vgwKFRR1HpjvNBKQ37nbJgYzGqGcg==
  
  min-dash@^3.0.0, min-dash@^3.5.0, min-dash@^3.5.2:
    version "3.8.1"
    resolved "https://registry.npmjs.org/min-dash/-/min-dash-3.8.1.tgz#09a8bd8a041d65eec4732042cde9cb24a6e84b0d"
    integrity sha512-evumdlmIlg9mbRVPbC4F5FuRhNmcMS5pvuBUbqb1G9v09Ro0ImPEgz5n3khir83lFok1inKqVDjnKEg3GpDxQg==
  
  min-dom@^3.1.2, min-dom@^3.1.3:
    version "3.1.3"
    resolved "https://registry.npmjs.org/min-dom/-/min-dom-3.1.3.tgz#6d3f4092439c80d13df52ac98d6a7d5fe92bfdbd"
    integrity sha512-Lbi1NZjLV9Hg6/bEe2Lfk2Fzsv1MwheR61whqTLP+FxLndYo9TxpksEgM5Kr1khjfCtFTMr0waeEfwIpStkRdw==
    dependencies:
      component-event "^0.1.4"
      domify "^1.3.1"
      indexof "0.0.1"
      matches-selector "^1.2.0"
  
  min-indent@^1.0.0:
    version "1.0.1"
    resolved "https://registry.npmjs.org/min-indent/-/min-indent-1.0.1.tgz#a63f681673b30571fbe8bc25686ae746eefa9869"
    integrity sha512-I9jwMn07Sy/IwOj3zVkVik2JTvgpaykDZEigL6Rx6N9LbMywwUSMtxET+7lVoDLLd3O3IXwJwvuuns8UB/HeAg==
  
  minimatch@^3.0.4, minimatch@^3.1.2:
    version "3.1.2"
    resolved "https://registry.npmjs.org/minimatch/-/minimatch-3.1.2.tgz#19cd194bfd3e428f049a70817c038d89ab4be35b"
    integrity sha512-J7p63hRiAjw1NDEww1W7i37+ByIrOWO5XQQAzZ3VOcL0PNybwpfmV/N05zFAzwQ9USyEcX6t3UO+K5aqBQOIHw==
    dependencies:
      brace-expansion "^1.1.7"
  
  minimatch@^5.0.1:
    version "5.0.1"
    resolved "https://registry.npmjs.org/minimatch/-/minimatch-5.0.1.tgz#fb9022f7528125187c92bd9e9b6366be1cf3415b"
    integrity sha512-nLDxIFRyhDblz3qMuq+SoRZED4+miJ/G+tdDrjkkkRnjAsBexeGpgjLEQ0blJy7rHhR2b93rhQY4SvyWu9v03g==
    dependencies:
      brace-expansion "^2.0.1"
  
  minimist-options@4.1.0:
    version "4.1.0"
    resolved "https://registry.npmjs.org/minimist-options/-/minimist-options-4.1.0.tgz#c0655713c53a8a2ebd77ffa247d342c40f010619"
    integrity sha512-Q4r8ghd80yhO/0j1O3B2BjweX3fiHg9cdOwjJd2J76Q135c+NDxGCqdYKQ1SKBuFfgWbAUzBfvYjPUEeNgqN1A==
    dependencies:
      arrify "^1.0.1"
      is-plain-obj "^1.1.0"
      kind-of "^6.0.3"
  
  minimist@1.2.5:
    version "1.2.5"
    resolved "https://registry.npmjs.org/minimist/-/minimist-1.2.5.tgz#67d66014b66a6a8aaa0c083c5fd58df4e4e97602"
    integrity sha512-FM9nNUYrRBAELZQT3xeZQ7fmMOBg6nWNmJKTcgsJeaLstP/UODVpGsr5OhXhhXg6f+qtJ8uiZ+PUxkDWcgIXLw==
  
  minimist@^1.2.0, minimist@^1.2.6, minimist@~1.2.6:
    version "1.2.6"
    resolved "https://registry.npmjs.org/minimist/-/minimist-1.2.6.tgz#8637a5b759ea0d6e98702cfb3a9283323c93af44"
    integrity sha512-Jsjnk4bw3YJqYzbdyBiNsPWHPfO++UGG749Cxs6peCu5Xg4nrena6OVxOYxrQTqww0Jmwt+Ref8rggumkTLz9Q==
  
  "mkdirp@>=0.5 0", mkdirp@^0.5.1:
    version "0.5.6"
    resolved "https://registry.npmjs.org/mkdirp/-/mkdirp-0.5.6.tgz#7def03d2432dcae4ba1d611445c48396062255f6"
    integrity sha512-FP+p8RB8OWpF3YZBCrP5gtADmtXApB5AMLn+vdyA+PyxCjrCs00mjyUozssO33cwDeT3wNGdLxJ5M//YqtHAJw==
    dependencies:
      minimist "^1.2.6"
  
  mkdirp@~1.0.4:
    version "1.0.4"
    resolved "https://registry.npmjs.org/mkdirp/-/mkdirp-1.0.4.tgz#3eb5ed62622756d79a5f0e2a221dfebad75c2f7e"
    integrity sha512-vVqVZQyf3WLx2Shd0qJ9xuvqgAyKPLAiqITEtqW0oIUjzo3PePDd6fW9iFz30ef7Ysp/oiWqbhszeGWW2T6Gzw==
  
  mockjs@^1.1.0:
    version "1.1.0"
    resolved "https://registry.npmjs.org/mockjs/-/mockjs-1.1.0.tgz#e6a0c378e91906dbaff20911cc0273b3c7d75b06"
    integrity sha512-eQsKcWzIaZzEZ07NuEyO4Nw65g0hdWAyurVol1IPl1gahRwY+svqzfgfey8U8dahLwG44d6/RwEzuK52rSa/JQ==
    dependencies:
      commander "*"
  
  moddle-xml@^9.0.5:
    version "9.0.5"
    resolved "https://registry.npmjs.org/moddle-xml/-/moddle-xml-9.0.5.tgz#01acc2450637c4bc9914b56c760b0a5cba5785a5"
    integrity sha512-1t9N35ZMQZTYZmRDoh1mBVd0XwLB34BkBywNJ0+YlLLYxaDBjFR/I+fqwsY746ayYPBz6yNRg8JpLyFgNF+eHg==
    dependencies:
      min-dash "^3.5.2"
      moddle "^5.0.2"
      saxen "^8.1.2"
  
  moddle@^5.0.2:
    version "5.0.3"
    resolved "https://registry.npmjs.org/moddle/-/moddle-5.0.3.tgz#3687845da07e65e69e7c05260fe83a53f9c65e7d"
    integrity sha512-EjnQkSaZClHMsM3H/guBy9h7AmHUICH0Pf8H1VnnYGUXy2hkZQU4gqEAyHywJzMRAhYX87pXjH2NtyigF7evkA==
    dependencies:
      min-dash "^3.0.0"
  
  moment@^2.29.1:
    version "2.29.3"
    resolved "https://registry.npmjs.org/moment/-/moment-2.29.3.tgz#edd47411c322413999f7a5940d526de183c031f3"
    integrity sha512-c6YRvhEo//6T2Jz/vVtYzqBzwvPT95JBQ+smCytzf7c50oMZRsR/a4w88aD34I+/QVSfnoAnSBFPJHItlOMJVw==
  
  mrmime@^1.0.0:
    version "1.0.0"
    resolved "https://registry.npmjs.org/mrmime/-/mrmime-1.0.0.tgz#14d387f0585a5233d291baba339b063752a2398b"
    integrity sha512-a70zx7zFfVO7XpnQ2IX1Myh9yY4UYvfld/dikWRnsXxbyvMcfz+u6UfgNAtH+k2QqtJuzVpv6eLTx1G2+WKZbQ==
  
  ms@2.0.0:
    version "2.0.0"
    resolved "https://registry.npmjs.org/ms/-/ms-2.0.0.tgz#5608aeadfc00be6c2901df5f9861788de0d597c8"
    integrity sha1-VgiurfwAvmwpAd9fmGF4jeDVl8g=
  
  ms@2.1.2:
    version "2.1.2"
    resolved "https://registry.npmjs.org/ms/-/ms-2.1.2.tgz#d09d1f357b443f493382a8eb3ccd183872ae6009"
    integrity sha512-sGkPx+VjMtmA6MX27oA4FBFELFCZZ4S4XqeGOXCv68tT+jb3vk/RyaKWP0PTKyWtmLSM0b+adUTEvbs1PEaH2w==
  
  ms@^2.1.1:
    version "2.1.3"
    resolved "https://registry.npmjs.org/ms/-/ms-2.1.3.tgz#574c8138ce1d2b5861f0b44579dbadd60c6615b2"
    integrity sha512-6FlzubTLZG3J2a/NVCAleEhjzq5oxgHyaCU9yYXvcLsvoVaHJq/s5xXI6/XXP6tz7R9xAOtHnSO/tXtF3WRTlA==
  
  mute-stream@0.0.7:
    version "0.0.7"
    resolved "https://registry.npmjs.org/mute-stream/-/mute-stream-0.0.7.tgz#3075ce93bc21b8fab43e1bc4da7e8115ed1e7bab"
    integrity sha1-MHXOk7whuPq0PhvE2n6BFe0ee6s=
  
  nanoid@^3.3.1:
    version "3.3.3"
    resolved "https://registry.npmjs.org/nanoid/-/nanoid-3.3.3.tgz#fd8e8b7aa761fe807dba2d1b98fb7241bb724a25"
    integrity sha512-p1sjXuopFs0xg+fPASzQ28agW1oHD7xDsd9Xkf3T15H3c/cifrFHVwrh74PdoklAPi+i7MdRsE47vm2r6JoB+w==
  
  natural-compare@^1.4.0:
    version "1.4.0"
    resolved "https://registry.npmjs.org/natural-compare/-/natural-compare-1.4.0.tgz#4abebfeed7541f2c27acfb29bdbbd15c8d5ba4f7"
    integrity sha1-Sr6/7tdUHywnrPspvbvRXI1bpPc=
  
  normalize-package-data@^2.5.0:
    version "2.5.0"
    resolved "https://registry.npmjs.org/normalize-package-data/-/normalize-package-data-2.5.0.tgz#e66db1838b200c1dfc233225d12cb36520e234a8"
    integrity sha512-/5CMN3T0R4XTj4DcGaexo+roZSdSFW/0AOOTROrjxzCG1wrWXEsGbRKevjlIL+ZDE4sZlJr5ED4YW0yqmkK+eA==
    dependencies:
      hosted-git-info "^2.1.4"
      resolve "^1.10.0"
      semver "2 || 3 || 4 || 5"
      validate-npm-package-license "^3.0.1"
  
  normalize-package-data@^3.0.0:
    version "3.0.3"
    resolved "https://registry.npmjs.org/normalize-package-data/-/normalize-package-data-3.0.3.tgz#dbcc3e2da59509a0983422884cd172eefdfa525e"
    integrity sha512-p2W1sgqij3zMMyRC067Dg16bfzVH+w7hyegmpIvZ4JNjqtGOVAIvLmjBx3yP7YTe9vKJgkoNOPjwQGogDoMXFA==
    dependencies:
      hosted-git-info "^4.0.1"
      is-core-module "^2.5.0"
      semver "^7.3.4"
      validate-npm-package-license "^3.0.1"
  
  normalize-path@^3.0.0, normalize-path@~3.0.0:
    version "3.0.0"
    resolved "https://registry.npmjs.org/normalize-path/-/normalize-path-3.0.0.tgz#0dcd69ff23a1c9b11fd0978316644a0388216a65"
    integrity sha512-6eZs5Ls3WtCisHWp9S2GUy8dqkpGi4BVSz3GaqiE6ezub0512ESztXUwUB6C6IKbQkY2Pnb/mD4WYojCRwcwLA==
  
  normalize-wheel-es@^1.1.2:
    version "1.1.2"
    resolved "https://registry.npmjs.org/normalize-wheel-es/-/normalize-wheel-es-1.1.2.tgz#285e43676a62d687bf145e33452ea6be435162d0"
    integrity sha512-scX83plWJXYH1J4+BhAuIHadROzxX0UBF3+HuZNY2Ks8BciE7tSTQ+5JhTsvzjaO0/EJdm4JBGrfObKxFf3Png==
  
  npm-run-path@^4.0.0, npm-run-path@^4.0.1:
    version "4.0.1"
    resolved "https://registry.npmjs.org/npm-run-path/-/npm-run-path-4.0.1.tgz#b7ecd1e5ed53da8e37a55e1c2269e0b97ed748ea"
    integrity sha512-S48WzZW777zhNIrn7gxOlISNAqi9ZC/uQFnRdbeIHhZhCA6UqpkOT8T1G7BvfdgP4Er8gF4sUbaS0i7QvIfCWw==
    dependencies:
      path-key "^3.0.0"
  
  numeral@^2.0.6:
    version "2.0.6"
    resolved "https://registry.npmjs.org/numeral/-/numeral-2.0.6.tgz#4ad080936d443c2561aed9f2197efffe25f4e506"
    integrity sha1-StCAk21EPCVhrtnyGX7//iX05QY=
  
  object-inspect@^1.12.0, object-inspect@^1.9.0, object-inspect@~1.12.0:
    version "1.12.0"
    resolved "https://registry.npmjs.org/object-inspect/-/object-inspect-1.12.0.tgz#6e2c120e868fd1fd18cb4f18c31741d0d6e776f0"
    integrity sha512-Ho2z80bVIvJloH+YzRmpZVQe87+qASmBUKZDWgx9cu+KDrX2ZDH/3tMy+gXbZETVGs2M8YdxObOh7XAtim9Y0g==
  
  object-is@^1.0.1:
    version "1.1.5"
    resolved "https://registry.npmjs.org/object-is/-/object-is-1.1.5.tgz#b9deeaa5fc7f1846a0faecdceec138e5778f53ac"
    integrity sha512-3cyDsyHgtmi7I7DfSSI2LDp6SK2lwvtbg0p0R1e0RvTqF5ceGx+K2dfSjm1bKDMVCFEDAQvy+o8c6a7VujOddw==
    dependencies:
      call-bind "^1.0.2"
      define-properties "^1.1.3"
  
  object-keys@^1.1.1:
    version "1.1.1"
    resolved "https://registry.npmjs.org/object-keys/-/object-keys-1.1.1.tgz#1c47f272df277f3b1daf061677d9c82e2322c60e"
    integrity sha512-NuAESUOUMrlIXOfHKzD6bpPu3tYt3xvjNdRIQ+FeT0lNb4K8WR70CaDxhuNguS2XG+GjkyMwOzsN5ZktImfhLA==
  
  object-refs@^0.3.0:
    version "0.3.0"
    resolved "https://registry.npmjs.org/object-refs/-/object-refs-0.3.0.tgz#934f4f0fb6b409e78be15fa60f616108aed63786"
    integrity sha512-eP0ywuoWOaDoiake/6kTJlPJhs+k0qNm4nYRzXLNHj6vh+5M3i9R1epJTdxIPGlhWc4fNRQ7a6XJNCX+/L4FOQ==
  
  object.assign@^4.1.2:
    version "4.1.2"
    resolved "https://registry.npmjs.org/object.assign/-/object.assign-4.1.2.tgz#0ed54a342eceb37b38ff76eb831a0e788cb63940"
    integrity sha512-ixT2L5THXsApyiUPYKmW+2EHpXXe5Ii3M+f4e+aJFAHao5amFRW6J0OO6c/LU8Be47utCx2GL89hxGB6XSmKuQ==
    dependencies:
      call-bind "^1.0.0"
      define-properties "^1.1.3"
      has-symbols "^1.0.1"
      object-keys "^1.1.1"
  
  object.entries@^1.1.2:
    version "1.1.5"
    resolved "https://registry.npmjs.org/object.entries/-/object.entries-1.1.5.tgz#e1acdd17c4de2cd96d5a08487cfb9db84d881861"
    integrity sha512-TyxmjUoZggd4OrrU1W66FMDG6CuqJxsFvymeyXI51+vQLN67zYfZseptRge703kKQdo4uccgAKebXFcRCzk4+g==
    dependencies:
      call-bind "^1.0.2"
      define-properties "^1.1.3"
      es-abstract "^1.19.1"
  
  object.values@^1.1.5:
    version "1.1.5"
    resolved "https://registry.npmjs.org/object.values/-/object.values-1.1.5.tgz#959f63e3ce9ef108720333082131e4a459b716ac"
    integrity sha512-QUZRW0ilQ3PnPpbNtgdNV1PDbEqLIiSFB3l+EnGtBQ/8SUTLj1PZwtQHABZtLgwpJZTSZhuGLOGk57Drx2IvYg==
    dependencies:
      call-bind "^1.0.2"
      define-properties "^1.1.3"
      es-abstract "^1.19.1"
  
  once@^1.3.0, once@^1.3.1, once@^1.4.0:
    version "1.4.0"
    resolved "https://registry.npmjs.org/once/-/once-1.4.0.tgz#583b1aa775961d4b113ac17d9c50baef9dd76bd1"
    integrity sha1-WDsap3WWHUsROsF9nFC6753Xa9E=
    dependencies:
      wrappy "1"
  
  onetime@^2.0.0:
    version "2.0.1"
    resolved "https://registry.npmjs.org/onetime/-/onetime-2.0.1.tgz#067428230fd67443b2794b22bba528b6867962d4"
    integrity sha1-BnQoIw/WdEOyeUsiu6UotoZ5YtQ=
    dependencies:
      mimic-fn "^1.0.0"
  
  onetime@^5.1.0, onetime@^5.1.2:
    version "5.1.2"
    resolved "https://registry.npmjs.org/onetime/-/onetime-5.1.2.tgz#d0e96ebb56b07476df1dd9c4806e5237985ca45e"
    integrity sha512-kbpaSSGJTWdAY5KPVeMOKXSrPtr8C8C7wodJbcsd51jRnmD+GZu8Y0VoU6Dm5Z4vWr0Ig/1NKuWRKf7j5aaYSg==
    dependencies:
      mimic-fn "^2.1.0"
  
  optionator@^0.9.1:
    version "0.9.1"
    resolved "https://registry.npmjs.org/optionator/-/optionator-0.9.1.tgz#4f236a6373dae0566a6d43e1326674f50c291499"
    integrity sha512-74RlY5FCnhq4jRxVUPKDaRwrVNXMqsGsiW6AJw4XK8hmtm10wC0ypZBLw5IIp85NZMr91+qd1RvvENwg7jjRFw==
    dependencies:
      deep-is "^0.1.3"
      fast-levenshtein "^2.0.6"
      levn "^0.4.1"
      prelude-ls "^1.2.1"
      type-check "^0.4.0"
      word-wrap "^1.2.3"
  
  os-homedir@^1.0.0:
    version "1.0.2"
    resolved "https://registry.npmjs.org/os-homedir/-/os-homedir-1.0.2.tgz#ffbc4988336e0e833de0c168c7ef152121aa7fb3"
    integrity sha1-/7xJiDNuDoM94MFox+8VISGqf7M=
  
  os-tmpdir@~1.0.2:
    version "1.0.2"
    resolved "https://registry.npmjs.org/os-tmpdir/-/os-tmpdir-1.0.2.tgz#bbe67406c79aa85c5cfec766fe5734555dfa1274"
    integrity sha1-u+Z0BseaqFxc/sdm/lc0VV36EnQ=
  
  p-limit@^1.1.0:
    version "1.3.0"
    resolved "https://registry.npmjs.org/p-limit/-/p-limit-1.3.0.tgz#b86bd5f0c25690911c7590fcbfc2010d54b3ccb8"
    integrity sha512-vvcXsLAJ9Dr5rQOPk7toZQZJApBl2K4J6dANSsEuh6QI41JYcsS/qhTGa9ErIUUgK3WNQoJYvylxvjqmiqEA9Q==
    dependencies:
      p-try "^1.0.0"
  
  p-limit@^2.2.0:
    version "2.3.0"
    resolved "https://registry.npmjs.org/p-limit/-/p-limit-2.3.0.tgz#3dd33c647a214fdfffd835933eb086da0dc21db1"
    integrity sha512-//88mFWSJx8lxCzwdAABTJL2MyWB12+eIY7MDL2SqLmAkeKU9qxRvWuSyTjm3FUmpBEMuFfckAIqEaVGUDxb6w==
    dependencies:
      p-try "^2.0.0"
  
  p-limit@^3.0.2:
    version "3.1.0"
    resolved "https://registry.npmjs.org/p-limit/-/p-limit-3.1.0.tgz#e1daccbe78d0d1388ca18c64fea38e3e57e3706b"
    integrity sha512-TYOanM3wGwNGsZN2cVTYPArw454xnXj5qmWF1bEoAc4+cU/ol7GVh7odevjp1FNHduHc3KZMcFduxU5Xc6uJRQ==
    dependencies:
      yocto-queue "^0.1.0"
  
  p-locate@^2.0.0:
    version "2.0.0"
    resolved "https://registry.npmjs.org/p-locate/-/p-locate-2.0.0.tgz#20a0103b222a70c8fd39cc2e580680f3dde5ec43"
    integrity sha1-IKAQOyIqcMj9OcwuWAaA893l7EM=
    dependencies:
      p-limit "^1.1.0"
  
  p-locate@^4.1.0:
    version "4.1.0"
    resolved "https://registry.npmjs.org/p-locate/-/p-locate-4.1.0.tgz#a3428bb7088b3a60292f66919278b7c297ad4f07"
    integrity sha512-R79ZZ/0wAxKGu3oYMlz8jy/kbhsNrS7SKZ7PxEHBgJ5+F2mtFW2fK2cOtBh1cHYkQsbzFV7I+EoRKe6Yt0oK7A==
    dependencies:
      p-limit "^2.2.0"
  
  p-locate@^5.0.0:
    version "5.0.0"
    resolved "https://registry.npmjs.org/p-locate/-/p-locate-5.0.0.tgz#83c8315c6785005e3bd021839411c9e110e6d834"
    integrity sha512-LaNjtRWUBY++zB5nE/NwcaoMylSPk+S+ZHNB1TzdbMJMny6dynpAGt7X/tl/QYq3TIeE6nxHppbo2LGymrG5Pw==
    dependencies:
      p-limit "^3.0.2"
  
  p-map@^4.0.0:
    version "4.0.0"
    resolved "https://registry.npmjs.org/p-map/-/p-map-4.0.0.tgz#bb2f95a5eda2ec168ec9274e06a747c3e2904d2b"
    integrity sha512-/bjOqmgETBYB5BoEeGVea8dmvHb2m9GLy1E9W43yeyfP6QQCZGFNa+XRceJEuDB6zqr+gKpIAmlLebMpykw/MQ==
    dependencies:
      aggregate-error "^3.0.0"
  
  p-try@^1.0.0:
    version "1.0.0"
    resolved "https://registry.npmjs.org/p-try/-/p-try-1.0.0.tgz#cbc79cdbaf8fd4228e13f621f2b1a237c1b207b3"
    integrity sha1-y8ec26+P1CKOE/Yh8rGiN8GyB7M=
  
  p-try@^2.0.0:
    version "2.2.0"
    resolved "https://registry.npmjs.org/p-try/-/p-try-2.2.0.tgz#cb2868540e313d61de58fafbe35ce9004d5540e6"
    integrity sha512-R4nPAVTAU0B9D35/Gk3uJf/7XYbQcyohSKdvAxIRSNghFl4e71hVoGnBNQz9cWaXxO2I10KTC+3jMdvvoKw6dQ==
  
  parent-module@^1.0.0:
    version "1.0.1"
    resolved "https://registry.npmjs.org/parent-module/-/parent-module-1.0.1.tgz#691d2709e78c79fae3a156622452d00762caaaa2"
    integrity sha512-GQ2EWRpQV8/o+Aw8YqtfZZPfNRWZYkbidE9k5rpl/hC3vtHHBfGm2Ifi6qWV+coDGkrUKZAxE3Lot5kcsRlh+g==
    dependencies:
      callsites "^3.0.0"
  
  parse-json@^5.0.0:
    version "5.2.0"
    resolved "https://registry.npmjs.org/parse-json/-/parse-json-5.2.0.tgz#c76fc66dee54231c962b22bcc8a72cf2f99753cd"
    integrity sha512-ayCKvm/phCGxOkYRSCM82iDwct8/EonSEgCSxWxD7ve6jHggsFl4fZVQBPRNgQoKiuV/odhFrGzQXZwbifC8Rg==
    dependencies:
      "@babel/code-frame" "^7.0.0"
      error-ex "^1.3.1"
      json-parse-even-better-errors "^2.3.0"
      lines-and-columns "^1.1.6"
  
  parse-passwd@^1.0.0:
    version "1.0.0"
    resolved "https://registry.npmjs.org/parse-passwd/-/parse-passwd-1.0.0.tgz#6d5b934a456993b23d37f40a382d6f1666a8e5c6"
    integrity sha1-bVuTSkVpk7I9N/QKOC1vFmao5cY=
  
  parse-svg-path@~0.1.1:
    version "0.1.2"
    resolved "https://registry.npmjs.org/parse-svg-path/-/parse-svg-path-0.1.2.tgz#7a7ec0d1eb06fa5325c7d3e009b859a09b5d49eb"
    integrity sha1-en7A0esG+lMlx9PgCbhZoJtdSes=
  
  path-exists@^3.0.0:
    version "3.0.0"
    resolved "https://registry.npmjs.org/path-exists/-/path-exists-3.0.0.tgz#ce0ebeaa5f78cb18925ea7d810d7b59b010fd515"
    integrity sha1-zg6+ql94yxiSXqfYENe1mwEP1RU=
  
  path-exists@^4.0.0:
    version "4.0.0"
    resolved "https://registry.npmjs.org/path-exists/-/path-exists-4.0.0.tgz#513bdbe2d3b95d7762e8c1137efa195c6c61b5b3"
    integrity sha512-ak9Qy5Q7jYb2Wwcey5Fpvg2KoAc/ZIhLSLOSBmRmygPsGwkVVt0fZa0qrtMz+m6tJTAHfZQ8FnmB4MG4LWy7/w==
  
  path-intersection@^2.2.0:
    version "2.2.1"
    resolved "https://registry.npmjs.org/path-intersection/-/path-intersection-2.2.1.tgz#8476b75fefb7ac402f810d304e0eb0c080c11fe7"
    integrity sha512-9u8xvMcSfuOiStv9bPdnRJQhGQXLKurew94n4GPQCdH1nj9QKC9ObbNoIpiRq8skiOBxKkt277PgOoFgAt3/rA==
  
  path-is-absolute@^1.0.0:
    version "1.0.1"
    resolved "https://registry.npmjs.org/path-is-absolute/-/path-is-absolute-1.0.1.tgz#174b9268735534ffbc7ace6bf53a5a9e1b5c5f5f"
    integrity sha1-F0uSaHNVNP+8es5r9TpanhtcX18=
  
  path-key@^3.0.0, path-key@^3.1.0:
    version "3.1.1"
    resolved "https://registry.npmjs.org/path-key/-/path-key-3.1.1.tgz#581f6ade658cbba65a0d3380de7753295054f375"
    integrity sha512-ojmeN0qd+y0jszEtoY48r0Peq5dwMEkIlCOu6Q5f41lfkswXuKtYrhgoTpLnyIcHm24Uhqx+5Tqm2InSwLhE6Q==
  
  path-parse@^1.0.7:
    version "1.0.7"
    resolved "https://registry.npmjs.org/path-parse/-/path-parse-1.0.7.tgz#fbc114b60ca42b30d9daf5858e4bd68bbedb6735"
    integrity sha512-LDJzPVEEEPR+y48z93A0Ed0yXb8pAByGWo/k5YYdYgpY2/2EsOsksJrq7lOHxryrVOn1ejG6oAp8ahvOIQD8sw==
  
  path-to-regexp@^6.2.0:
    version "6.2.0"
    resolved "https://registry.npmjs.org/path-to-regexp/-/path-to-regexp-6.2.0.tgz#f7b3803336104c346889adece614669230645f38"
    integrity sha512-f66KywYG6+43afgE/8j/GoiNyygk/bnoCbps++3ErRKsIYkGGupyv07R2Ok5m9i67Iqc+T2g1eAUGUPzWhYTyg==
  
  path-type@^4.0.0:
    version "4.0.0"
    resolved "https://registry.npmjs.org/path-type/-/path-type-4.0.0.tgz#84ed01c0a7ba380afe09d90a8c180dcd9d03043b"
    integrity sha512-gDKb8aZMDeD/tZWs9P6+q0J9Mwkdl6xMV8TjnGP3qJVJ06bdMgkbBlLU8IdfOsIsFz2BW1rNVT3XuNEl8zPAvw==
  
  path@^0.12.7:
    version "0.12.7"
    resolved "https://registry.npmjs.org/path/-/path-0.12.7.tgz#d4dc2a506c4ce2197eb481ebfcd5b36c0140b10f"
    integrity sha1-1NwqUGxM4hl+tIHr/NWzbAFAsQ8=
    dependencies:
      process "^0.11.1"
      util "^0.10.3"
  
  pdfast@^0.2.0:
    version "0.2.0"
    resolved "https://registry.npmjs.org/pdfast/-/pdfast-0.2.0.tgz#8cbc556e1bf2522177787c0de2e0d4373ba885c9"
    integrity sha1-jLxVbhvyUiF3eHwN4uDUNzuohck=
  
  picocolors@^1.0.0:
    version "1.0.0"
    resolved "https://registry.npmjs.org/picocolors/-/picocolors-1.0.0.tgz#cb5bdc74ff3f51892236eaf79d68bc44564ab81c"
    integrity sha512-1fygroTLlHu66zi26VoTDv8yRgm0Fccecssto+MhsZ0D/DGW2sm8E8AjW7NU5VVTRt5GxbeZ5qBuJr+HyLYkjQ==
  
  picomatch@^2.0.4, picomatch@^2.2.1, picomatch@^2.2.2, picomatch@^2.3.1:
    version "2.3.1"
    resolved "https://registry.npmjs.org/picomatch/-/picomatch-2.3.1.tgz#3ba3833733646d9d3e4995946c1365a67fb07a42"
    integrity sha512-JU3teHTNjmE2VCGFzuY8EXzCDVwEqB2a8fsIvwaStHhAWJEeVd1o1QD80CU6+ZdEXXSLbSsuLwJjkCBWqRQUVA==
  
  please-upgrade-node@^3.2.0:
    version "3.2.0"
    resolved "https://registry.npmjs.org/please-upgrade-node/-/please-upgrade-node-3.2.0.tgz#aeddd3f994c933e4ad98b99d9a556efa0e2fe942"
    integrity sha512-gQR3WpIgNIKwBMVLkpMUeR3e1/E1y42bqDQZfql+kDeXd8COYfM8PQA4X6y7a8u9Ua9FHmsrrmirW2vHs45hWg==
    dependencies:
      semver-compare "^1.0.0"
  
  point-at-length@^1.0.2:
    version "1.1.0"
    resolved "https://registry.npmjs.org/point-at-length/-/point-at-length-1.1.0.tgz#0ad72ebd0980d7f5a1ab12296c055f9eb6b30e57"
    integrity sha1-CtcuvQmA1/WhqxIpbAVfnrazDlc=
    dependencies:
      abs-svg-path "~0.1.1"
      isarray "~0.0.1"
      parse-svg-path "~0.1.1"
  
  postcss@^8.1.10, postcss@^8.4.12:
    version "8.4.12"
    resolved "https://registry.npmjs.org/postcss/-/postcss-8.4.12.tgz#1e7de78733b28970fa4743f7da6f3763648b1905"
    integrity sha512-lg6eITwYe9v6Hr5CncVbK70SoioNQIq81nsaG86ev5hAidQvmOeETBqs7jm43K2F5/Ley3ytDtriImV6TpNiSg==
    dependencies:
      nanoid "^3.3.1"
      picocolors "^1.0.0"
      source-map-js "^1.0.2"
  
  preact@^10.0.5:
    version "10.7.1"
    resolved "https://registry.npmjs.org/preact/-/preact-10.7.1.tgz#bdd2b2dce91a5842c3b9b34dfe050e5401068c9e"
    integrity sha512-MufnRFz39aIhs9AMFisonjzTud1PK1bY+jcJLo6m2T9Uh8AqjD77w11eAAawmjUogoGOnipECq7e/1RClIKsxg==
  
  prelude-ls@^1.2.1:
    version "1.2.1"
    resolved "https://registry.npmjs.org/prelude-ls/-/prelude-ls-1.2.1.tgz#debc6489d7a6e6b0e7611888cec880337d316396"
    integrity sha512-vkcDPrRZo1QZLbn5RLGPpg/WmIQ65qoWWhcGKf/b5eplkkarX0m9z8ppCat4mlOqUsWpyNuYgO3VRyrYHSzX5g==
  
  printj@~1.1.0:
    version "1.1.2"
    resolved "https://registry.npmjs.org/printj/-/printj-1.1.2.tgz#d90deb2975a8b9f600fb3a1c94e3f4c53c78a222"
    integrity sha512-zA2SmoLaxZyArQTOPj5LXecR+RagfPSU5Kw1qP+jkWeNlrq+eJZyY2oS68SU1Z/7/myXM4lo9716laOFAVStCQ==
  
  process-nextick-args@~2.0.0:
    version "2.0.1"
    resolved "https://registry.npmjs.org/process-nextick-args/-/process-nextick-args-2.0.1.tgz#7820d9b16120cc55ca9ae7792680ae7dba6d7fe2"
    integrity sha512-3ouUOpQhtgrbOa17J7+uxOTpITYWaGP7/AhoR3+A+/1e9skrzelGi/dXzEYyvbxubEF6Wn2ypscTKiKJFFn1ag==
  
  process@^0.11.1:
    version "0.11.10"
    resolved "https://registry.npmjs.org/process/-/process-0.11.10.tgz#7332300e840161bda3e69a1d1d91a7d4bc16f182"
    integrity sha1-czIwDoQBYb2j5podHZGn1LwW8YI=
  
  progress@^2.0.0:
    version "2.0.3"
    resolved "https://registry.npmjs.org/progress/-/progress-2.0.3.tgz#7e8cf8d8f5b8f239c1bc68beb4eb78567d572ef8"
    integrity sha512-7PiHtLll5LdnKIMw100I+8xJXR5gW2QwWYkT6iJva0bXitZKa/XMrSbdmg3r2Xnaidz9Qumd0VPaMrZlF9V9sA==
  
  pump@^3.0.0:
    version "3.0.0"
    resolved "https://registry.npmjs.org/pump/-/pump-3.0.0.tgz#b4a2116815bde2f4e1ea602354e8c75565107a64"
    integrity sha512-LwZy+p3SFs1Pytd/jYct4wpv49HiYCqd9Rlc5ZVdk0V+8Yzv6jR5Blk3TRmPL1ft69TxP0IMZGJ+WPFU2BFhww==
    dependencies:
      end-of-stream "^1.1.0"
      once "^1.3.1"
  
  punycode@^2.1.0:
    version "2.1.1"
    resolved "https://registry.npmjs.org/punycode/-/punycode-2.1.1.tgz#b58b010ac40c22c5657616c8d2c2c02c7bf479ec"
    integrity sha512-XRsRjdf+j5ml+y/6GKHPZbrF/8p2Yga0JPtdqTIY2Xe5ohJPD9saDJJLPvp9+NSBprVvevdXZybnj2cv8OEd0A==
  
  q@^1.5.1:
    version "1.5.1"
    resolved "https://registry.npmjs.org/q/-/q-1.5.1.tgz#7e32f75b41381291d04611f1bf14109ac00651d7"
    integrity sha1-fjL3W0E4EpHQRhHxvxQQmsAGUdc=
  
  qs@^6.10.3:
    version "6.10.3"
    resolved "https://registry.npmjs.org/qs/-/qs-6.10.3.tgz#d6cde1b2ffca87b5aa57889816c5f81535e22e8e"
    integrity sha512-wr7M2E0OFRfIfJZjKGieI8lBKb7fRCH4Fv5KNPEs7gJ8jadvotdsS08PzOKR7opXhZ/Xkjtt3WF9g38drmyRqQ==
    dependencies:
      side-channel "^1.0.4"
  
  queue-microtask@^1.2.2:
    version "1.2.3"
    resolved "https://registry.npmjs.org/queue-microtask/-/queue-microtask-1.2.3.tgz#4929228bbc724dfac43e0efb058caf7b6cfb6243"
    integrity sha512-NuaNSa6flKT5JaSYQzJok04JzTL1CA6aGhv5rfLW3PgqA+M2ChpZQnAC8h8i4ZFkBS8X5RqkDBHA7r4hej3K9A==
  
  quick-lru@^4.0.1:
    version "4.0.1"
    resolved "https://registry.npmjs.org/quick-lru/-/quick-lru-4.0.1.tgz#5b8878f113a58217848c6482026c73e1ba57727f"
    integrity sha512-ARhCpm70fzdcvNQfPoy49IaanKkTlRWF2JMzqhcJbhSFRZv7nPTvZJdcY7301IPmvW+/p0RgIWnQDLJxifsQ7g==
  
  read-pkg-up@^7.0.1:
    version "7.0.1"
    resolved "https://registry.npmjs.org/read-pkg-up/-/read-pkg-up-7.0.1.tgz#f3a6135758459733ae2b95638056e1854e7ef507"
    integrity sha512-zK0TB7Xd6JpCLmlLmufqykGE+/TlOePD6qKClNW7hHDKFh/J7/7gCWGR7joEQEW1bKq3a3yUZSObOoWLFQ4ohg==
    dependencies:
      find-up "^4.1.0"
      read-pkg "^5.2.0"
      type-fest "^0.8.1"
  
  read-pkg@^5.2.0:
    version "5.2.0"
    resolved "https://registry.npmjs.org/read-pkg/-/read-pkg-5.2.0.tgz#7bf295438ca5a33e56cd30e053b34ee7250c93cc"
    integrity sha512-Ug69mNOpfvKDAc2Q8DRpMjjzdtrnv9HcSMX+4VsZxD1aZ6ZzrIE7rlzXBtWTyhULSMKg076AW6WR5iZpD0JiOg==
    dependencies:
      "@types/normalize-package-data" "^2.4.0"
      normalize-package-data "^2.5.0"
      parse-json "^5.0.0"
      type-fest "^0.6.0"
  
  readable-stream@3, readable-stream@^3.0.0:
    version "3.6.0"
    resolved "https://registry.npmjs.org/readable-stream/-/readable-stream-3.6.0.tgz#337bbda3adc0706bd3e024426a286d4b4b2c9198"
    integrity sha512-BViHy7LKeTz4oNnkcLJ+lVSL6vpiFeX6/d3oSH8zCW7UxP2onchk+vTGB143xuFjHS3deTgkKoXXymXqymiIdA==
    dependencies:
      inherits "^2.0.3"
      string_decoder "^1.1.1"
      util-deprecate "^1.0.1"
  
  readable-stream@^2.0.2, readable-stream@~2.3.6:
    version "2.3.7"
    resolved "https://registry.npmjs.org/readable-stream/-/readable-stream-2.3.7.tgz#1eca1cf711aef814c04f62252a36a62f6cb23b57"
    integrity sha512-Ebho8K4jIbHAxnuxi7o42OrZgF/ZTNcsZj6nRKyUmkhLFq8CHItp/fy6hQZuZmP/n3yZ9VBUbp4zz/mX8hmYPw==
    dependencies:
      core-util-is "~1.0.0"
      inherits "~2.0.3"
      isarray "~1.0.0"
      process-nextick-args "~2.0.0"
      safe-buffer "~5.1.1"
      string_decoder "~1.1.1"
      util-deprecate "~1.0.1"
  
  readdirp@~3.6.0:
    version "3.6.0"
    resolved "https://registry.npmjs.org/readdirp/-/readdirp-3.6.0.tgz#74a370bd857116e245b29cc97340cd431a02a6c7"
    integrity sha512-hOS089on8RduqdbhvQ5Z37A0ESjsqz6qnRcffsMU3495FuTdqSm+7bhJ29JvIOsBDEEnan5DPu9t3To9VRlMzA==
    dependencies:
      picomatch "^2.2.1"
  
  redent@^3.0.0:
    version "3.0.0"
    resolved "https://registry.npmjs.org/redent/-/redent-3.0.0.tgz#e557b7998316bb53c9f1f56fa626352c6963059f"
    integrity sha512-6tDA8g98We0zd0GvVeMT9arEOnTw9qM03L9cJXaCjrip1OO764RDBLBfrB4cwzNGDj5OA5ioymC9GkizgWJDUg==
    dependencies:
      indent-string "^4.0.0"
      strip-indent "^3.0.0"
  
  regenerator-runtime@^0.13.4, regenerator-runtime@^0.13.9:
    version "0.13.9"
    resolved "https://registry.npmjs.org/regenerator-runtime/-/regenerator-runtime-0.13.9.tgz#8925742a98ffd90814988d7566ad30ca3b263b52"
    integrity sha512-p3VT+cOEgxFsRRA9X4lkI1E+k2/CtnKtU4gcxyaCUreilL/vqI6CdZ3wxVUx3UOUg+gnUOQQcRI7BmSI656MYA==
  
  regexp.prototype.flags@^1.2.0:
    version "1.4.3"
    resolved "https://registry.npmjs.org/regexp.prototype.flags/-/regexp.prototype.flags-1.4.3.tgz#87cab30f80f66660181a3bb7bf5981a872b367ac"
    integrity sha512-fjggEOO3slI6Wvgjwflkc4NFRCTZAu5CnNfBd5qOMYhWdn67nJBBu34/TkD++eeFmd8C9r9jfXJ27+nSiRkSUA==
    dependencies:
      call-bind "^1.0.2"
      define-properties "^1.1.3"
      functions-have-names "^1.2.2"
  
  regexpp@^3.1.0:
    version "3.2.0"
    resolved "https://registry.npmjs.org/regexpp/-/regexpp-3.2.0.tgz#0425a2768d8f23bad70ca4b90461fa2f1213e1b2"
    integrity sha512-pq2bWo9mVD43nbts2wGv17XLiNLya+GklZ8kaDLV2Z08gDCsGpnKn9BFMepvWuHCbyVvY7J5o5+BVvoQbmlJLg==
  
  regression@^2.0.0:
    version "2.0.1"
    resolved "https://registry.npmjs.org/regression/-/regression-2.0.1.tgz#8d29c3e8224a10850c35e337e85a8b2fac3b0c87"
    integrity sha1-jSnD6CJKEIUMNeM36FqLL6w7DIc=
  
  repeat-string@^1.5.2:
    version "1.6.1"
    resolved "https://registry.npmjs.org/repeat-string/-/repeat-string-1.6.1.tgz#8dcae470e1c88abc2d600fff4a776286da75e637"
    integrity sha1-jcrkcOHIirwtYA//Sndihtp15jc=
  
  require-directory@^2.1.1:
    version "2.1.1"
    resolved "https://registry.npmjs.org/require-directory/-/require-directory-2.1.1.tgz#8c64ad5fd30dab1c976e2344ffe7f792a6a6df42"
    integrity sha1-jGStX9MNqxyXbiNE/+f3kqam30I=
  
  require-from-string@^2.0.2:
    version "2.0.2"
    resolved "https://registry.npmjs.org/require-from-string/-/require-from-string-2.0.2.tgz#89a7fdd938261267318eafe14f9c32e598c36909"
    integrity sha512-Xf0nWe6RseziFMu+Ap9biiUbmplq6S9/p+7w7YXP/JBHhrUDDUhwa+vANyubuqfZWTveU//DYVGsDG7RKL/vEw==
  
  resolve-dir@^1.0.0, resolve-dir@^1.0.1:
    version "1.0.1"
    resolved "https://registry.npmjs.org/resolve-dir/-/resolve-dir-1.0.1.tgz#79a40644c362be82f26effe739c9bb5382046f43"
    integrity sha1-eaQGRMNivoLybv/nOcm7U4IEb0M=
    dependencies:
      expand-tilde "^2.0.0"
      global-modules "^1.0.0"
  
  resolve-from@5.0.0, resolve-from@^5.0.0:
    version "5.0.0"
    resolved "https://registry.npmjs.org/resolve-from/-/resolve-from-5.0.0.tgz#c35225843df8f776df21c57557bc087e9dfdfc69"
    integrity sha512-qYg9KP24dD5qka9J47d0aVky0N+b4fTU89LN9iDnjB5waksiC49rvMB0PrUJQGoTmH50XPiqOvAjDfaijGxYZw==
  
  resolve-from@^4.0.0:
    version "4.0.0"
    resolved "https://registry.npmjs.org/resolve-from/-/resolve-from-4.0.0.tgz#4abcd852ad32dd7baabfe9b40e00a36db5f392e6"
    integrity sha512-pb/MYmXstAkysRFx8piNI1tGFNQIFA3vkE3Gq4EuA1dF6gHp/+vgZqsCGJapvy8N3Q+4o7FwvquPJcnZ7RYy4g==
  
  resolve-global@1.0.0, resolve-global@^1.0.0:
    version "1.0.0"
    resolved "https://registry.npmjs.org/resolve-global/-/resolve-global-1.0.0.tgz#a2a79df4af2ca3f49bf77ef9ddacd322dad19255"
    integrity sha512-zFa12V4OLtT5XUX/Q4VLvTfBf+Ok0SPc1FNGM/z9ctUdiU618qwKpWnd0CHs3+RqROfyEg/DhuHbMWYqcgljEw==
    dependencies:
      global-dirs "^0.1.1"
  
  resolve-url@^0.2.1:
    version "0.2.1"
    resolved "https://registry.npmjs.org/resolve-url/-/resolve-url-0.2.1.tgz#2c637fe77c893afd2a663fe21aa9080068e2052a"
    integrity sha1-LGN/53yJOv0qZj/iGqkIAGjiBSo=
  
  resolve@^1.10.0, resolve@^1.20.0, resolve@^1.22.0, resolve@~1.22.0:
    version "1.22.0"
    resolved "https://registry.npmjs.org/resolve/-/resolve-1.22.0.tgz#5e0b8c67c15df57a89bdbabe603a002f21731198"
    integrity sha512-Hhtrw0nLeSrFQ7phPp4OOcVjLPIeMnRlr5mcnVuMe7M/7eBn98A3hmFRLoFo3DLZkivSYwhRUJTyPyWAk56WLw==
    dependencies:
      is-core-module "^2.8.1"
      path-parse "^1.0.7"
      supports-preserve-symlinks-flag "^1.0.0"
  
  restore-cursor@^2.0.0:
    version "2.0.0"
    resolved "https://registry.npmjs.org/restore-cursor/-/restore-cursor-2.0.0.tgz#9f7ee287f82fd326d4fd162923d62129eee0dfaf"
    integrity sha1-n37ih/gv0ybU/RYpI9YhKe7g368=
    dependencies:
      onetime "^2.0.0"
      signal-exit "^3.0.2"
  
  restore-cursor@^3.1.0:
    version "3.1.0"
    resolved "https://registry.npmjs.org/restore-cursor/-/restore-cursor-3.1.0.tgz#39f67c54b3a7a58cea5236d95cf0034239631f7e"
    integrity sha512-l+sSefzHpj5qimhFSE5a8nufZYAM3sBSVMAPtYkmC+4EH2anSGaEMXSD0izRQbu9nfyQ9y5JrVmp7E8oZrUjvA==
    dependencies:
      onetime "^5.1.0"
      signal-exit "^3.0.2"
  
  resumer@~0.0.0:
    version "0.0.0"
    resolved "https://registry.npmjs.org/resumer/-/resumer-0.0.0.tgz#f1e8f461e4064ba39e82af3cdc2a8c893d076759"
    integrity sha1-8ej0YeQGS6Oegq883CqMiT0HZ1k=
    dependencies:
      through "~2.3.4"
  
  reusify@^1.0.4:
    version "1.0.4"
    resolved "https://registry.npmjs.org/reusify/-/reusify-1.0.4.tgz#90da382b1e126efc02146e90845a88db12925d76"
    integrity sha512-U9nH88a3fc/ekCF1l0/UP1IosiuIjyTh7hBvXVMHYgVcfGvt897Xguj2UOLDeI5BG2m7/uwyaLVT6fbtCwTyzw==
  
  rfdc@^1.3.0:
    version "1.3.0"
    resolved "https://registry.npmjs.org/rfdc/-/rfdc-1.3.0.tgz#d0b7c441ab2720d05dc4cf26e01c89631d9da08b"
    integrity sha512-V2hovdzFbOi77/WajaSMXk2OLm+xNIeQdMMuB7icj7bk6zi2F8GGAxigcnDFpJHbNyNcgyJDiP+8nOrY5cZGrA==
  
  rgb@~0.1.0:
    version "0.1.0"
    resolved "https://registry.npmjs.org/rgb/-/rgb-0.1.0.tgz#be27b291e8feffeac1bd99729721bfa40fc037b5"
    integrity sha1-vieykej+/+rBvZlylyG/pA/AN7U=
  
  right-align@^0.1.1:
    version "0.1.3"
    resolved "https://registry.npmjs.org/right-align/-/right-align-0.1.3.tgz#61339b722fe6a3515689210d24e14c96148613ef"
    integrity sha1-YTObci/mo1FWiSENJOFMlhSGE+8=
    dependencies:
      align-text "^0.1.1"
  
  rimraf@2:
    version "2.7.1"
    resolved "https://registry.npmjs.org/rimraf/-/rimraf-2.7.1.tgz#35797f13a7fdadc566142c29d4f07ccad483e3ec"
    integrity sha512-uWjbaKIK3T1OSVptzX7Nl6PvQ3qAGtKEtVRjRuazjfL3Bx5eI409VZSqgND+4UNnmzLVdPj9FqFJNPqBZFve4w==
    dependencies:
      glob "^7.1.3"
  
  rimraf@^3.0.2:
    version "3.0.2"
    resolved "https://registry.npmjs.org/rimraf/-/rimraf-3.0.2.tgz#f1a5402ba6220ad52cc1282bac1ae3aa49fd061a"
    integrity sha512-JZkJMZkAGFFPP2YqXZXPbMlMBgsxzE8ILs4lMIX/2o0L9UBw9O/Y3o6wFw/i9YLapcUJWwqbi3kdxIPdC62TIA==
    dependencies:
      glob "^7.1.3"
  
  rimraf@~2.6.2:
    version "2.6.3"
    resolved "https://registry.npmjs.org/rimraf/-/rimraf-2.6.3.tgz#b2d104fe0d8fb27cf9e0a1cda8262dd3833c6cab"
    integrity sha512-mwqeW5XsA2qAejG46gYdENaxXjx9onRNCfn7L0duuP4hCuTIi/QO7PDK07KJfp1d+izWPrzEJDcSqBa0OZQriA==
    dependencies:
      glob "^7.1.3"
  
  rollup@^0.25.8:
    version "0.25.8"
    resolved "https://registry.npmjs.org/rollup/-/rollup-0.25.8.tgz#bf6ce83b87510d163446eeaa577ed6a6fc5835e0"
    integrity sha1-v2zoO4dRDRY0Ru6qV37WpvxYNeA=
    dependencies:
      chalk "^1.1.1"
      minimist "^1.2.0"
      source-map-support "^0.3.2"
  
  rollup@^2.59.0:
    version "2.70.2"
    resolved "https://registry.npmjs.org/rollup/-/rollup-2.70.2.tgz#808d206a8851628a065097b7ba2053bd83ba0c0d"
    integrity sha512-EitogNZnfku65I1DD5Mxe8JYRUCy0hkK5X84IlDtUs+O6JRMpRciXTzyCUuX11b5L5pvjH+OmFXiQ3XjabcXgg==
    optionalDependencies:
      fsevents "~2.3.2"
  
  run-async@^2.2.0:
    version "2.4.1"
    resolved "https://registry.npmjs.org/run-async/-/run-async-2.4.1.tgz#8440eccf99ea3e70bd409d49aab88e10c189a455"
    integrity sha512-tvVnVv01b8c1RrA6Ep7JkStj85Guv/YrMcwqYQnwjsAS2cTmmPGBBjAjpCW7RrSodNSoE2/qg9O4bceNvUuDgQ==
  
  run-parallel@^1.1.9:
    version "1.2.0"
    resolved "https://registry.npmjs.org/run-parallel/-/run-parallel-1.2.0.tgz#66d1368da7bdf921eb9d95bd1a9229e7f21a43ee"
    integrity sha512-5l4VyZR86LZ/lDxZTR6jqL8AFE2S0IFLMP26AbjsLVADxHdhB/c0GUsH+y39UfCi3dzz8OlQuPmnaJOMoDHQBA==
    dependencies:
      queue-microtask "^1.2.2"
  
  rw@1, rw@^1.3.2:
    version "1.3.3"
    resolved "https://registry.npmjs.org/rw/-/rw-1.3.3.tgz#3f862dfa91ab766b14885ef4d01124bfda074fb4"
    integrity sha1-P4Yt+pGrdmsUiF700BEkv9oHT7Q=
  
  rxjs@^6.4.0:
    version "6.6.7"
    resolved "https://registry.npmjs.org/rxjs/-/rxjs-6.6.7.tgz#90ac018acabf491bf65044235d5863c4dab804c9"
    integrity sha512-hTdwr+7yYNIT5n4AMYp85KA6yw2Va0FLa3Rguvbpa4W3I5xynaBZo41cM3XM+4Q6fRMj3sBYIR1VAmZMXYJvRQ==
    dependencies:
      tslib "^1.9.0"
  
  rxjs@^7.5.1:
    version "7.5.5"
    resolved "https://registry.npmjs.org/rxjs/-/rxjs-7.5.5.tgz#2ebad89af0f560f460ad5cc4213219e1f7dd4e9f"
    integrity sha512-sy+H0pQofO95VDmFLzyaw9xNJU4KTRSwQIGM6+iG3SypAtCiLDzpeG8sJrNCWn2Up9km+KhkvTdbkrdy+yzZdw==
    dependencies:
      tslib "^2.1.0"
  
  safe-buffer@~5.1.0, safe-buffer@~5.1.1:
    version "5.1.2"
    resolved "https://registry.npmjs.org/safe-buffer/-/safe-buffer-5.1.2.tgz#991ec69d296e0313747d59bdfd2b745c35f8828d"
    integrity sha512-Gd2UZBJDkXlY7GbJxfsE8/nvKkUEU1G38c1siN6QP6a9PT9MmHB8GnpscSmMJSoF8LOIrt8ud/wPtojys4G6+g==
  
  safe-buffer@~5.2.0:
    version "5.2.1"
    resolved "https://registry.npmjs.org/safe-buffer/-/safe-buffer-5.2.1.tgz#1eaf9fa9bdb1fdd4ec75f58f9cdb4e6b7827eec6"
    integrity sha512-rp3So07KcdmmKbGvgaNxQSJr7bGVSVk5S9Eq1F+ppbRo70+YeaDxkw5Dd8NPN+GD6bjnYm2VuPuCXmpuYvmCXQ==
  
  "safer-buffer@>= 2.1.2 < 3", safer-buffer@^2.1.2:
    version "2.1.2"
    resolved "https://registry.npmjs.org/safer-buffer/-/safer-buffer-2.1.2.tgz#44fa161b0187b9549dd84bb91802f9bd8385cd6a"
    integrity sha512-YZo3K82SD7Riyi0E1EQPojLz7kpepnSQI9IyPbHHg1XXXevb5dJI7tpyN2ADxGcQbHG7vcyRHk0cbwqcQriUtg==
  
  sass@^1.38.1:
    version "1.50.1"
    resolved "https://registry.npmjs.org/sass/-/sass-1.50.1.tgz#e9b078a1748863013c4712d2466ce8ca4e4ed292"
    integrity sha512-noTnY41KnlW2A9P8sdwESpDmo+KBNkukI1i8+hOK3footBUcohNHtdOJbckp46XO95nuvcHDDZ+4tmOnpK3hjw==
    dependencies:
      chokidar ">=3.0.0 <4.0.0"
      immutable "^4.0.0"
      source-map-js ">=0.6.2 <2.0.0"
  
  sax@~1.2.4:
    version "1.2.4"
    resolved "https://registry.npmjs.org/sax/-/sax-1.2.4.tgz#2816234e2378bddc4e5354fab5caa895df7100d9"
    integrity sha512-NqVDv9TpANUjFm0N8uM5GxL36UgKi9/atZw+x7YFnQ8ckwFGKrl4xX4yWtrey3UJm5nP1kUbnYgLopqWNSRhWw==
  
  saxen@^8.1.2:
    version "8.1.2"
    resolved "https://registry.npmjs.org/saxen/-/saxen-8.1.2.tgz#e677b32afe93667c9d939d3f3de02e09df108e54"
    integrity sha512-xUOiiFbc3Ow7p8KMxwsGICPx46ZQvy3+qfNVhrkwfz3Vvq45eGt98Ft5IQaA1R/7Tb5B5MKh9fUR9x3c3nDTxw==
  
  select@^1.1.2:
    version "1.1.2"
    resolved "https://registry.npmjs.org/select/-/select-1.1.2.tgz#0e7350acdec80b1108528786ec1d4418d11b396d"
    integrity sha1-DnNQrN7ICxEIUoeG7B1EGNEbOW0=
  
  semver-compare@^1.0.0:
    version "1.0.0"
    resolved "https://registry.npmjs.org/semver-compare/-/semver-compare-1.0.0.tgz#0dee216a1c941ab37e9efb1788f6afc5ff5537fc"
    integrity sha1-De4hahyUGrN+nvsXiPavxf9VN/w=
  
  "semver@2 || 3 || 4 || 5":
    version "5.7.1"
    resolved "https://registry.npmjs.org/semver/-/semver-5.7.1.tgz#a954f931aeba508d307bbf069eff0c01c96116f7"
    integrity sha512-sauaDf/PZdVgrLTNYHRtpXa1iRiKcaebiKQ1BJdpQlWH2lCvexQdX55snPFyK7QzpudqbCI0qXFfOasHdyNDGQ==
  
  semver@7.3.5:
    version "7.3.5"
    resolved "https://registry.npmjs.org/semver/-/semver-7.3.5.tgz#0b621c879348d8998e4b0e4be94b3f12e6018ef7"
    integrity sha512-PoeGJYh8HK4BTO/a9Tf6ZG3veo/A7ZVsYrSA6J8ny9nb3B1VrpkuN+z9OE5wfE5p6H4LchYZsegiQgbJD94ZFQ==
    dependencies:
      lru-cache "^6.0.0"
  
  semver@^6.3.0:
    version "6.3.0"
    resolved "https://registry.npmjs.org/semver/-/semver-6.3.0.tgz#ee0a64c8af5e8ceea67687b133761e1becbd1d3d"
    integrity sha512-b39TBaTSfV6yBrapU89p5fKekE2m/NwnDocOVruQFS1/veMgdzuPcnOM34M6CwxW8jH/lxEa5rBoDeUwu5HHTw==
  
  semver@^7.2.1, semver@^7.3.4, semver@^7.3.5:
    version "7.3.7"
    resolved "https://registry.npmjs.org/semver/-/semver-7.3.7.tgz#12c5b649afdbf9049707796e22a4028814ce523f"
    integrity sha512-QlYTucUYOews+WeEujDoEGziz4K6c47V/Bd+LjSSYcA94p+DmINdf7ncaUinThfvZyu13lN9OY1XDxt8C0Tw0g==
    dependencies:
      lru-cache "^6.0.0"
  
  setimmediate@~1.0.4:
    version "1.0.5"
    resolved "https://registry.npmjs.org/setimmediate/-/setimmediate-1.0.5.tgz#290cbb232e306942d7d7ea9b83732ab7856f8285"
    integrity sha1-KQy7Iy4waULX1+qbg3Mqt4VvgoU=
  
  shebang-command@^2.0.0:
    version "2.0.0"
    resolved "https://registry.npmjs.org/shebang-command/-/shebang-command-2.0.0.tgz#ccd0af4f8835fbdc265b82461aaf0c36663f34ea"
    integrity sha512-kHxr2zZpYtdmrN1qDjrrX/Z1rR1kG8Dx+gkpK1G4eXmvXswmcE1hTWBWYUzlraYw1/yZp6YuDY77YtvbN0dmDA==
    dependencies:
      shebang-regex "^3.0.0"
  
  shebang-regex@^3.0.0:
    version "3.0.0"
    resolved "https://registry.npmjs.org/shebang-regex/-/shebang-regex-3.0.0.tgz#ae16f1644d873ecad843b0307b143362d4c42172"
    integrity sha512-7++dFhtcx3353uBaq8DDR4NuxBetBzC7ZQOhmTQInHEd6bSrXdiEyzCvG07Z44UYdLShWUyXt5M/yhz8ekcb1A==
  
  side-channel@^1.0.4:
    version "1.0.4"
    resolved "https://registry.npmjs.org/side-channel/-/side-channel-1.0.4.tgz#efce5c8fdc104ee751b25c58d4290011fa5ea2cf"
    integrity sha512-q5XPytqFEIKHkGdiMIrY10mvLRvnQh42/+GoBlFW3b2LXLE2xxJpZFdm94we0BaoV3RwJyGqg5wS7epxTv0Zvw==
    dependencies:
      call-bind "^1.0.0"
      get-intrinsic "^1.0.2"
      object-inspect "^1.9.0"
  
  signal-exit@^3.0.2, signal-exit@^3.0.3:
    version "3.0.7"
    resolved "https://registry.npmjs.org/signal-exit/-/signal-exit-3.0.7.tgz#a9a1767f8af84155114eaabd73f99273c8f59ad9"
    integrity sha512-wnD2ZE+l+SPC/uoS0vXeE9L1+0wuaMqKlfz9AMUo38JsyLSBWSFcHR1Rri62LZc12vLr1gb3jl7iwQhgwpAbGQ==
  
  simple-statistics@^6.1.0:
    version "6.1.1"
    resolved "https://registry.npmjs.org/simple-statistics/-/simple-statistics-6.1.1.tgz#e3a0799ffc49914d6f421c5a4ac585f6a13e2bad"
    integrity sha512-zGwn0DDRa9Zel4H4n2pjTFIyGoAGpnpjrGIctreCxj5XWrcx9v7Xy7270FkC967WMmcvuc8ZU7m0ZG+hGN7gAA==
  
  sirv@^2.0.2:
    version "2.0.2"
    resolved "https://registry.npmjs.org/sirv/-/sirv-2.0.2.tgz#128b9a628d77568139cff85703ad5497c46a4760"
    integrity sha512-4Qog6aE29nIjAOKe/wowFTxOdmbEZKb+3tsLljaBRzJwtqto0BChD2zzH0LhgCSXiI+V7X+Y45v14wBZQ1TK3w==
    dependencies:
      "@polka/url" "^1.0.0-next.20"
      mrmime "^1.0.0"
      totalist "^3.0.0"
  
  size-sensor@^1.0.1:
    version "1.0.1"
    resolved "https://registry.npmjs.org/size-sensor/-/size-sensor-1.0.1.tgz#f84e46206d3e259faff1d548e4b3beca93219dbb"
    integrity sha512-QTy7MnuugCFXIedXRpUSk9gUnyNiaxIdxGfUjr8xxXOqIB3QvBUYP9+b51oCg2C4dnhaeNk/h57TxjbvoJrJUA==
  
  slash@^3.0.0:
    version "3.0.0"
    resolved "https://registry.npmjs.org/slash/-/slash-3.0.0.tgz#6539be870c165adbd5240220dbe361f1bc4d4634"
    integrity sha512-g9Q1haeby36OSStwb4ntCGGGaKsaVSjQ68fBxoQcutl5fS1vuY18H3wSt3jFyFtrkx+Kz0V1G85A4MyAdDMi2Q==
  
  slice-ansi@^3.0.0:
    version "3.0.0"
    resolved "https://registry.npmjs.org/slice-ansi/-/slice-ansi-3.0.0.tgz#31ddc10930a1b7e0b67b08c96c2f49b77a789787"
    integrity sha512-pSyv7bSTC7ig9Dcgbw9AuRNUb5k5V6oDudjZoMBSr13qpLBG7tB+zgCkARjq7xIUgdz5P1Qe8u+rSGdouOOIyQ==
    dependencies:
      ansi-styles "^4.0.0"
      astral-regex "^2.0.0"
      is-fullwidth-code-point "^3.0.0"
  
  slice-ansi@^4.0.0:
    version "4.0.0"
    resolved "https://registry.npmjs.org/slice-ansi/-/slice-ansi-4.0.0.tgz#500e8dd0fd55b05815086255b3195adf2a45fe6b"
    integrity sha512-qMCMfhY040cVHT43K9BFygqYbUPFZKHOg7K73mtTWJRb8pyP3fzf4Ixd5SzdEJQ6MRUg/WBnOLxghZtKKurENQ==
    dependencies:
      ansi-styles "^4.0.0"
      astral-regex "^2.0.0"
      is-fullwidth-code-point "^3.0.0"
  
  sortablejs@1.10.2:
    version "1.10.2"
    resolved "https://registry.npmjs.org/sortablejs/-/sortablejs-1.10.2.tgz#6e40364d913f98b85a14f6678f92b5c1221f5290"
    integrity sha512-YkPGufevysvfwn5rfdlGyrGjt7/CRHwvRPogD/lC+TnvcN29jDpCifKP+rBqf+LRldfXSTh+0CGLcSg0VIxq3A==
  
  "source-map-js@>=0.6.2 <2.0.0", source-map-js@^1.0.2:
    version "1.0.2"
    resolved "https://registry.npmjs.org/source-map-js/-/source-map-js-1.0.2.tgz#adbc361d9c62df380125e7f161f71c826f1e490c"
    integrity sha512-R0XvVJ9WusLiqTCEiGCmICCMplcCkIwwR11mOSD9CR5u+IXYdiseeEuXCVAjS54zqwkLcPNnmU4OeJ6tUrWhDw==
  
  source-map-resolve@^0.5.2:
    version "0.5.3"
    resolved "https://registry.npmjs.org/source-map-resolve/-/source-map-resolve-0.5.3.tgz#190866bece7553e1f8f267a2ee82c606b5509a1a"
    integrity sha512-Htz+RnsXWk5+P2slx5Jh3Q66vhQj1Cllm0zvnaY98+NFx+Dv2CF/f5O/t8x+KaNdrdIAsruNzoh/KpialbqAnw==
    dependencies:
      atob "^2.1.2"
      decode-uri-component "^0.2.0"
      resolve-url "^0.2.1"
      source-map-url "^0.4.0"
      urix "^0.1.0"
  
  source-map-support@^0.3.2:
    version "0.3.3"
    resolved "https://registry.npmjs.org/source-map-support/-/source-map-support-0.3.3.tgz#34900977d5ba3f07c7757ee72e73bb1a9b53754f"
    integrity sha1-NJAJd9W6PwfHdX7nLnO7GptTdU8=
    dependencies:
      source-map "0.1.32"
  
  source-map-url@^0.4.0:
    version "0.4.1"
    resolved "https://registry.npmjs.org/source-map-url/-/source-map-url-0.4.1.tgz#0af66605a745a5a2f91cf1bbf8a7afbc283dec56"
    integrity sha512-cPiFOTLUKvJFIg4SKVScy4ilPPW6rFgMgfuZJPNoDuMs3nC1HbMUycBoJw77xFIp6z1UJQJOfx6C9GMH80DiTw==
  
  source-map@0.1.32:
    version "0.1.32"
    resolved "https://registry.npmjs.org/source-map/-/source-map-0.1.32.tgz#c8b6c167797ba4740a8ea33252162ff08591b266"
    integrity sha1-yLbBZ3l7pHQKjqMyUhYv8IWRsmY=
    dependencies:
      amdefine ">=0.0.4"
  
  source-map@^0.6.1:
    version "0.6.1"
    resolved "https://registry.npmjs.org/source-map/-/source-map-0.6.1.tgz#74722af32e9614e9c287a8d0bbde48b5e2f1a263"
    integrity sha512-UjgapumWlbMhkBgzT7Ykc5YXUT46F0iKu8SGXq0bcwP5dz/h0Plj6enJqjz1Zbq2l5WaqYnrVbwWOWMyF3F47g==
  
  source-map@^0.7.3:
    version "0.7.3"
    resolved "https://registry.npmjs.org/source-map/-/source-map-0.7.3.tgz#5302f8169031735226544092e64981f751750383"
    integrity sha512-CkCj6giN3S+n9qrYiBTX5gystlENnRW5jZeNLHpe6aue+SrHcG5VYwujhW9s4dY31mEGsxBDrHR6oI69fTXsaQ==
  
  source-map@~0.5.1:
    version "0.5.7"
    resolved "https://registry.npmjs.org/source-map/-/source-map-0.5.7.tgz#8a039d2d1021d22d1ea14c80d8ea468ba2ef3fcc"
    integrity sha1-igOdLRAh0i0eoUyA2OpGi6LvP8w=
  
  sourcemap-codec@^1.4.8:
    version "1.4.8"
    resolved "https://registry.npmjs.org/sourcemap-codec/-/sourcemap-codec-1.4.8.tgz#ea804bd94857402e6992d05a38ef1ae35a9ab4c4"
    integrity sha512-9NykojV5Uih4lgo5So5dtw+f0JgJX30KCNI8gwhz2J9A15wD0Ml6tjHKwf6fTSa6fAdVBdZeNOs9eJ71qCk8vA==
  
  spdx-correct@^3.0.0:
    version "3.1.1"
    resolved "https://registry.npmjs.org/spdx-correct/-/spdx-correct-3.1.1.tgz#dece81ac9c1e6713e5f7d1b6f17d468fa53d89a9"
    integrity sha512-cOYcUWwhCuHCXi49RhFRCyJEK3iPj1Ziz9DpViV3tbZOwXD49QzIN3MpOLJNxh2qwq2lJJZaKMVw9qNi4jTC0w==
    dependencies:
      spdx-expression-parse "^3.0.0"
      spdx-license-ids "^3.0.0"
  
  spdx-exceptions@^2.1.0:
    version "2.3.0"
    resolved "https://registry.npmjs.org/spdx-exceptions/-/spdx-exceptions-2.3.0.tgz#3f28ce1a77a00372683eade4a433183527a2163d"
    integrity sha512-/tTrYOC7PPI1nUAgx34hUpqXuyJG+DTHJTnIULG4rDygi4xu/tfgmq1e1cIRwRzwZgo4NLySi+ricLkZkw4i5A==
  
  spdx-expression-parse@^3.0.0:
    version "3.0.1"
    resolved "https://registry.npmjs.org/spdx-expression-parse/-/spdx-expression-parse-3.0.1.tgz#cf70f50482eefdc98e3ce0a6833e4a53ceeba679"
    integrity sha512-cbqHunsQWnJNE6KhVSMsMeH5H/L9EpymbzqTQ3uLwNCLZ1Q481oWaofqH7nO6V07xlXwY6PhQdQ2IedWx/ZK4Q==
    dependencies:
      spdx-exceptions "^2.1.0"
      spdx-license-ids "^3.0.0"
  
  spdx-license-ids@^3.0.0:
    version "3.0.11"
    resolved "https://registry.npmjs.org/spdx-license-ids/-/spdx-license-ids-3.0.11.tgz#50c0d8c40a14ec1bf449bae69a0ea4685a9d9f95"
    integrity sha512-Ctl2BrFiM0X3MANYgj3CkygxhRmr9mi6xhejbdO960nF6EDJApTYpn0BQnDKlnNBULKiCN1n3w9EBkHK8ZWg+g==
  
  split2@^3.0.0:
    version "3.2.2"
    resolved "https://registry.npmjs.org/split2/-/split2-3.2.2.tgz#bf2cf2a37d838312c249c89206fd7a17dd12365f"
    integrity sha512-9NThjpgZnifTkJpzTZ7Eue85S49QwpNhZTq6GRJwObb6jnLFNGB7Qm73V5HewTROPyxD0C29xqmaI68bQtV+hg==
    dependencies:
      readable-stream "^3.0.0"
  
  sprintf-js@~1.0.2:
    version "1.0.3"
    resolved "https://registry.npmjs.org/sprintf-js/-/sprintf-js-1.0.3.tgz#04e6926f662895354f3dd015203633b857297e2c"
    integrity sha1-BOaSb2YolTVPPdAVIDYzuFcpfiw=
  
  ssf@~0.11.2:
    version "0.11.2"
    resolved "https://registry.npmjs.org/ssf/-/ssf-0.11.2.tgz#0b99698b237548d088fc43cdf2b70c1a7512c06c"
    integrity sha512-+idbmIXoYET47hH+d7dfm2epdOMUDjqcB4648sTZ+t2JwoyBFL/insLfB/racrDmsKB3diwsDA696pZMieAC5g==
    dependencies:
      frac "~1.1.2"
  
  string-argv@0.3.1:
    version "0.3.1"
    resolved "https://registry.npmjs.org/string-argv/-/string-argv-0.3.1.tgz#95e2fbec0427ae19184935f816d74aaa4c5c19da"
    integrity sha512-a1uQGz7IyVy9YwhqjZIZu1c8JO8dNIe20xBmSS6qu9kv++k3JGzCVmprbNN5Kn+BgzD5E7YYwg1CcjuJMRNsvg==
  
  string-width@^2.1.0:
    version "2.1.1"
    resolved "https://registry.npmjs.org/string-width/-/string-width-2.1.1.tgz#ab93f27a8dc13d28cac815c462143a6d9012ae9e"
    integrity sha512-nOqH59deCq9SRHlxq1Aw85Jnt4w6KvLKqWVik6oA9ZklXLNIOlqg4F2yrT1MVaTjAqvVwdfeZ7w7aCvJD7ugkw==
    dependencies:
      is-fullwidth-code-point "^2.0.0"
      strip-ansi "^4.0.0"
  
  string-width@^4.1.0, string-width@^4.2.0, string-width@^4.2.3:
    version "4.2.3"
    resolved "https://registry.npmjs.org/string-width/-/string-width-4.2.3.tgz#269c7117d27b05ad2e536830a8ec895ef9c6d010"
    integrity sha512-wKyQRQpjJ0sIp62ErSZdGsjMJWsap5oRNihHhu6G7JVO/9jIB6UyevL+tXuOqrng8j/cxKTWyWUwvSTriiZz/g==
    dependencies:
      emoji-regex "^8.0.0"
      is-fullwidth-code-point "^3.0.0"
      strip-ansi "^6.0.1"
  
  string.prototype.trim@~1.2.5:
    version "1.2.5"
    resolved "https://registry.npmjs.org/string.prototype.trim/-/string.prototype.trim-1.2.5.tgz#a587bcc8bfad8cb9829a577f5de30dd170c1682c"
    integrity sha512-Lnh17webJVsD6ECeovpVN17RlAKjmz4rF9S+8Y45CkMc/ufVpTkU3vZIyIC7sllQ1FCvObZnnCdNs/HXTUOTlg==
    dependencies:
      call-bind "^1.0.2"
      define-properties "^1.1.3"
      es-abstract "^1.19.1"
  
  string.prototype.trimend@^1.0.4:
    version "1.0.4"
    resolved "https://registry.npmjs.org/string.prototype.trimend/-/string.prototype.trimend-1.0.4.tgz#e75ae90c2942c63504686c18b287b4a0b1a45f80"
    integrity sha512-y9xCjw1P23Awk8EvTpcyL2NIr1j7wJ39f+k6lvRnSMz+mz9CGz9NYPelDk42kOz6+ql8xjfK8oYzy3jAP5QU5A==
    dependencies:
      call-bind "^1.0.2"
      define-properties "^1.1.3"
  
  string.prototype.trimstart@^1.0.4:
    version "1.0.4"
    resolved "https://registry.npmjs.org/string.prototype.trimstart/-/string.prototype.trimstart-1.0.4.tgz#b36399af4ab2999b4c9c648bd7a3fb2bb26feeed"
    integrity sha512-jh6e984OBfvxS50tdY2nRZnoC5/mLFKOREQfw8t5yytkoUsJRNxvI/E39qu1sD0OtWI3OC0XgKSmcWwziwYuZw==
    dependencies:
      call-bind "^1.0.2"
      define-properties "^1.1.3"
  
  string_decoder@^1.1.1:
    version "1.3.0"
    resolved "https://registry.npmjs.org/string_decoder/-/string_decoder-1.3.0.tgz#42f114594a46cf1a8e30b0a84f56c78c3edac21e"
    integrity sha512-hkRX8U1WjJFd8LsDJ2yQ/wWWxaopEsABU1XfkM8A+j0+85JAGppt16cr1Whg6KIbb4okU6Mql6BOj+uup/wKeA==
    dependencies:
      safe-buffer "~5.2.0"
  
  string_decoder@~1.1.1:
    version "1.1.1"
    resolved "https://registry.npmjs.org/string_decoder/-/string_decoder-1.1.1.tgz#9cf1611ba62685d7030ae9e4ba34149c3af03fc8"
    integrity sha512-n/ShnvDi6FHbbVfviro+WojiFzv+s8MPMHBczVePfUpDJLwoLT0ht1l4YwBCbi8pJAveEEdnkHyPyTP/mzRfwg==
    dependencies:
      safe-buffer "~5.1.0"
  
  stringify-object@^3.3.0:
    version "3.3.0"
    resolved "https://registry.npmjs.org/stringify-object/-/stringify-object-3.3.0.tgz#703065aefca19300d3ce88af4f5b3956d7556629"
    integrity sha512-rHqiFh1elqCQ9WPLIC8I0Q/g/wj5J1eMkyoiD6eoQApWHP0FtlK7rqnhmabL5VUY9JQCcqwwvlOaSuutekgyrw==
    dependencies:
      get-own-enumerable-property-symbols "^3.0.0"
      is-obj "^1.0.1"
      is-regexp "^1.0.0"
  
  strip-ansi@^3.0.0:
    version "3.0.1"
    resolved "https://registry.npmjs.org/strip-ansi/-/strip-ansi-3.0.1.tgz#6a385fb8853d952d5ff05d0e8aaf94278dc63dcf"
    integrity sha1-ajhfuIU9lS1f8F0Oiq+UJ43GPc8=
    dependencies:
      ansi-regex "^2.0.0"
  
  strip-ansi@^4.0.0:
    version "4.0.0"
    resolved "https://registry.npmjs.org/strip-ansi/-/strip-ansi-4.0.0.tgz#a8479022eb1ac368a871389b635262c505ee368f"
    integrity sha1-qEeQIusaw2iocTibY1JixQXuNo8=
    dependencies:
      ansi-regex "^3.0.0"
  
  strip-ansi@^5.1.0:
    version "5.2.0"
    resolved "https://registry.npmjs.org/strip-ansi/-/strip-ansi-5.2.0.tgz#8c9a536feb6afc962bdfa5b104a5091c1ad9c0ae"
    integrity sha512-DuRs1gKbBqsMKIZlrffwlug8MHkcnpjs5VPmL1PAh+mA30U0DTotfDZ0d2UUsXpPmPmMMJ6W773MaA3J+lbiWA==
    dependencies:
      ansi-regex "^4.1.0"
  
  strip-ansi@^6.0.0, strip-ansi@^6.0.1:
    version "6.0.1"
    resolved "https://registry.npmjs.org/strip-ansi/-/strip-ansi-6.0.1.tgz#9e26c63d30f53443e9489495b2105d37b67a85d9"
    integrity sha512-Y38VPSHcqkFrCpFnQ9vuSXmquuv5oXOKpGeT6aGrr3o3Gc9AlVa6JBfUSOCnbxGGZF+/0ooI7KrPuUSztUdU5A==
    dependencies:
      ansi-regex "^5.0.1"
  
  strip-bom@4.0.0:
    version "4.0.0"
    resolved "https://registry.npmjs.org/strip-bom/-/strip-bom-4.0.0.tgz#9c3505c1db45bcedca3d9cf7a16f5c5aa3901878"
    integrity sha512-3xurFv5tEgii33Zi8Jtp55wEIILR9eh34FAW00PZf+JnSsTmV/ioewSgQl97JHvgjoRGwPShsWm+IdrxB35d0w==
  
  strip-bom@^3.0.0:
    version "3.0.0"
    resolved "https://registry.npmjs.org/strip-bom/-/strip-bom-3.0.0.tgz#2334c18e9c759f7bdd56fdef7e9ae3d588e68ed3"
    integrity sha1-IzTBjpx1n3vdVv3vfprj1YjmjtM=
  
  strip-final-newline@^2.0.0:
    version "2.0.0"
    resolved "https://registry.npmjs.org/strip-final-newline/-/strip-final-newline-2.0.0.tgz#89b852fb2fcbe936f6f4b3187afb0a12c1ab58ad"
    integrity sha512-BrpvfNAE3dcvq7ll3xVumzjKjZQ5tI1sEUIKr3Uoks0XUl45St3FlatVqef9prk4jRDzhW6WZg+3bk93y6pLjA==
  
  strip-indent@^3.0.0:
    version "3.0.0"
    resolved "https://registry.npmjs.org/strip-indent/-/strip-indent-3.0.0.tgz#c32e1cee940b6b3432c771bc2c54bcce73cd3001"
    integrity sha512-laJTa3Jb+VQpaC6DseHhF7dXVqHTfJPCRDaEbid/drOhgitgYku/letMUqOXFoWV0zIIUbjpdH2t+tYj4bQMRQ==
    dependencies:
      min-indent "^1.0.0"
  
  strip-json-comments@3.0.1:
    version "3.0.1"
    resolved "https://registry.npmjs.org/strip-json-comments/-/strip-json-comments-3.0.1.tgz#85713975a91fb87bf1b305cca77395e40d2a64a7"
    integrity sha512-VTyMAUfdm047mwKl+u79WIdrZxtFtn+nBxHeb844XBQ9uMNTuTHdx2hc5RiAJYqwTj3wc/xe5HLSdJSkJ+WfZw==
  
  strip-json-comments@^3.1.0, strip-json-comments@^3.1.1:
    version "3.1.1"
    resolved "https://registry.npmjs.org/strip-json-comments/-/strip-json-comments-3.1.1.tgz#31f1281b3832630434831c310c01cccda8cbe006"
    integrity sha512-6fPc+R4ihwqP6N/aIv2f1gMH8lOVtWQHoqC4yK6oSDVVocumAsfCqjkXnqiYMhmMwS/mEHLp7Vehlt3ql6lEig==
  
  stylus@^0.54.8:
    version "0.54.8"
    resolved "https://registry.npmjs.org/stylus/-/stylus-0.54.8.tgz#3da3e65966bc567a7b044bfe0eece653e099d147"
    integrity sha512-vr54Or4BZ7pJafo2mpf0ZcwA74rpuYCZbxrHBsH8kbcXOwSfvBFwsRfpGO5OD5fhG5HDCFW737PKaawI7OqEAg==
    dependencies:
      css-parse "~2.0.0"
      debug "~3.1.0"
      glob "^7.1.6"
      mkdirp "~1.0.4"
      safer-buffer "^2.1.2"
      sax "~1.2.4"
      semver "^6.3.0"
      source-map "^0.7.3"
  
  supports-color@^2.0.0:
    version "2.0.0"
    resolved "https://registry.npmjs.org/supports-color/-/supports-color-2.0.0.tgz#535d045ce6b6363fa40117084629995e9df324c7"
    integrity sha1-U10EXOa2Nj+kARcIRimZXp3zJMc=
  
  supports-color@^5.3.0:
    version "5.5.0"
    resolved "https://registry.npmjs.org/supports-color/-/supports-color-5.5.0.tgz#e2e69a44ac8772f78a1ec0b35b689df6530efc8f"
    integrity sha512-QjVjwdXIt408MIiAqCX4oUKsgU2EqAGzs2Ppkm4aQYbjm+ZEWEcW4SfFNTr4uMNZma0ey4f5lgLrkB0aX0QMow==
    dependencies:
      has-flag "^3.0.0"
  
  supports-color@^7.1.0:
    version "7.2.0"
    resolved "https://registry.npmjs.org/supports-color/-/supports-color-7.2.0.tgz#1b7dcdcb32b8138801b3e478ba6a51caa89648da"
    integrity sha512-qpCAvRl9stuOHveKsn7HncJRvv501qIacKzQlO/+Lwxc9+0q2wLyv4Dfvt80/DPn2pqOBsJdDiogXGR9+OvwRw==
    dependencies:
      has-flag "^4.0.0"
  
  supports-preserve-symlinks-flag@^1.0.0:
    version "1.0.0"
    resolved "https://registry.npmjs.org/supports-preserve-symlinks-flag/-/supports-preserve-symlinks-flag-1.0.0.tgz#6eda4bd344a3c94aea376d4cc31bc77311039e09"
    integrity sha512-ot0WnXS9fgdkgIcePe6RHNk1WA8+muPa6cSjeR3V8K27q9BB1rTE3R1p7Hv0z1ZyAc8s6Vvv8DIyWf681MAt0w==
  
  systemjs@^6.12.1:
    version "6.12.1"
    resolved "https://registry.npmjs.org/systemjs/-/systemjs-6.12.1.tgz#47cdd23a6ec9f1b01cf5b5f70562c8550da229d3"
    integrity sha512-hqTN6kW+pN6/qro6G9OZ7ceDQOcYno020zBQKpZQLsJhYTDMCMNfXi/Y8duF5iW+4WWZr42ry0MMkcRGpbwG2A==
  
  table@^6.0.9:
    version "6.8.0"
    resolved "https://registry.npmjs.org/table/-/table-6.8.0.tgz#87e28f14fa4321c3377ba286f07b79b281a3b3ca"
    integrity sha512-s/fitrbVeEyHKFa7mFdkuQMWlH1Wgw/yEXMt5xACT4ZpzWFluehAxRtUUQKPuWhaLAWhFcVx6w3oC8VKaUfPGA==
    dependencies:
      ajv "^8.0.1"
      lodash.truncate "^4.4.2"
      slice-ansi "^4.0.0"
      string-width "^4.2.3"
      strip-ansi "^6.0.1"
  
  tape@^4.5.1:
    version "4.15.1"
    resolved "https://registry.npmjs.org/tape/-/tape-4.15.1.tgz#88fb662965a11f9be1bddb04c11662d7eceb129e"
    integrity sha512-k7F5pyr91n9D/yjSJwbLLYDCrTWXxMSXbbmHX2n334lSIc2rxeXyFkaBv4UuUd2gBYMrAOalPutAiCxC6q1qbw==
    dependencies:
      call-bind "~1.0.2"
      deep-equal "~1.1.1"
      defined "~1.0.0"
      dotignore "~0.1.2"
      for-each "~0.3.3"
      glob "~7.2.0"
      has "~1.0.3"
      inherits "~2.0.4"
      is-regex "~1.1.4"
      minimist "~1.2.6"
      object-inspect "~1.12.0"
      resolve "~1.22.0"
      resumer "~0.0.0"
      string.prototype.trim "~1.2.5"
      through "~2.3.8"
  
  temp@^0.9.0:
    version "0.9.4"
    resolved "https://registry.npmjs.org/temp/-/temp-0.9.4.tgz#cd20a8580cb63635d0e4e9d4bd989d44286e7620"
    integrity sha512-yYrrsWnrXMcdsnu/7YMYAofM1ktpL5By7vZhf15CrXijWWrEYZks5AXBudalfSWJLlnen/QUJUB5aoB0kqZUGA==
    dependencies:
      mkdirp "^0.5.1"
      rimraf "~2.6.2"
  
  text-extensions@^1.0.0:
    version "1.9.0"
    resolved "https://registry.npmjs.org/text-extensions/-/text-extensions-1.9.0.tgz#1853e45fee39c945ce6f6c36b2d659b5aabc2a26"
    integrity sha512-wiBrwC1EhBelW12Zy26JeOUkQ5mRu+5o8rpsJk5+2t+Y5vE7e842qtZDQ2g1NpX/29HdyFeJ4nSIhI47ENSxlQ==
  
  text-table@^0.2.0:
    version "0.2.0"
    resolved "https://registry.npmjs.org/text-table/-/text-table-0.2.0.tgz#7f5ee823ae805207c00af2df4a84ec3fcfa570b4"
    integrity sha1-f17oI66AUgfACvLfSoTsP8+lcLQ=
  
  through2@^4.0.0:
    version "4.0.2"
    resolved "https://registry.npmjs.org/through2/-/through2-4.0.2.tgz#a7ce3ac2a7a8b0b966c80e7c49f0484c3b239764"
    integrity sha512-iOqSav00cVxEEICeD7TjLB1sueEL+81Wpzp2bY17uZjZN0pWZPuo4suZ/61VujxmqSGFfgOcNuTZ85QJwNZQpw==
    dependencies:
      readable-stream "3"
  
  "through@>=2.2.7 <3", through@^2.3.6, through@^2.3.8, through@~2.3.4, through@~2.3.8:
    version "2.3.8"
    resolved "https://registry.npmjs.org/through/-/through-2.3.8.tgz#0dd4c9ffaabc357960b1b724115d7e0e86a2e1f5"
    integrity sha1-DdTJ/6q8NXlgsbckEV1+Doai4fU=
  
  tiny-emitter@^2.0.0:
    version "2.1.0"
    resolved "https://registry.npmjs.org/tiny-emitter/-/tiny-emitter-2.1.0.tgz#1d1a56edfc51c43e863cbb5382a72330e3555423"
    integrity sha512-NB6Dk1A9xgQPMoGqC5CVXn123gWyte215ONT5Pp5a0yt4nlEoO1ZWeCwpncaekPHXO60i47ihFnZPiRPjRMq4Q==
  
  tiny-svg@^2.2.1, tiny-svg@^2.2.2:
    version "2.2.3"
    resolved "https://registry.npmjs.org/tiny-svg/-/tiny-svg-2.2.3.tgz#59fdb8ecf5ea5385861b2964cc3b55afae9e604c"
    integrity sha512-u5KGg889pD1W2c9GlLrTnAGzIkAO00/VXZGyzeiGHw+b9er8McLO0SnhxPQQDwDqFO0MrJ825AEsRUoTiDZFuQ==
  
  tmp@^0.0.33:
    version "0.0.33"
    resolved "https://registry.npmjs.org/tmp/-/tmp-0.0.33.tgz#6d34335889768d21b2bcda0aa277ced3b1bfadf9"
    integrity sha512-jRCJlojKnZ3addtTOjdIqoRuPEKBvNXcGYqzO6zWZX8KfKEpnGY5jfggJQ3EjKuu8D4bJRr0y+cYJFmYbImXGw==
    dependencies:
      os-tmpdir "~1.0.2"
  
  to-regex-range@^5.0.1:
    version "5.0.1"
    resolved "https://registry.npmjs.org/to-regex-range/-/to-regex-range-5.0.1.tgz#1648c44aae7c8d988a326018ed72f5b4dd0392e4"
    integrity sha512-65P7iz6X5yEr1cwcgvQxbbIw7Uk3gOy5dIdtZ4rDveLqhrdJP+Li/Hx6tyK0NEb+2GCyneCMJiGqrADCSNk8sQ==
    dependencies:
      is-number "^7.0.0"
  
  topojson-client@^3.0.0:
    version "3.1.0"
    resolved "https://registry.npmjs.org/topojson-client/-/topojson-client-3.1.0.tgz#22e8b1ed08a2b922feeb4af6f53b6ef09a467b99"
    integrity sha512-605uxS6bcYxGXw9qi62XyrV6Q3xwbndjachmNxu8HWTtVPxZfEJN9fd/SZS1Q54Sn2y0TMyMxFj/cJINqGHrKw==
    dependencies:
      commander "2"
  
  totalist@^3.0.0:
    version "3.0.0"
    resolved "https://registry.npmjs.org/totalist/-/totalist-3.0.0.tgz#4ef9c58c5f095255cdc3ff2a0a55091c57a3a1bd"
    integrity sha512-eM+pCBxXO/njtF7vdFsHuqb+ElbxqtI4r5EAvk6grfAFyJ6IvWlSkfZ5T9ozC6xWw3Fj1fGoSmrl0gUs46JVIw==
  
  "traverse@>=0.3.0 <0.4":
    version "0.3.9"
    resolved "https://registry.npmjs.org/traverse/-/traverse-0.3.9.tgz#717b8f220cc0bb7b44e40514c22b2e8bbc70d8b9"
    integrity sha1-cXuPIgzAu3tE5AUUwisui7xw2Lk=
  
  trim-newlines@^3.0.0:
    version "3.0.1"
    resolved "https://registry.npmjs.org/trim-newlines/-/trim-newlines-3.0.1.tgz#260a5d962d8b752425b32f3a7db0dcacd176c144"
    integrity sha512-c1PTsA3tYrIsLGkJkzHF+w9F2EyxfXGo4UyJc4pFL++FMjnq0HJS69T3M7d//gKrFKwy429bouPescbjecU+Zw==
  
  ts-node@^10.7.0:
    version "10.7.0"
    resolved "https://registry.npmjs.org/ts-node/-/ts-node-10.7.0.tgz#35d503d0fab3e2baa672a0e94f4b40653c2463f5"
    integrity sha512-TbIGS4xgJoX2i3do417KSaep1uRAW/Lu+WAL2doDHC0D6ummjirVOXU5/7aiZotbQ5p1Zp9tP7U6cYhA0O7M8A==
    dependencies:
      "@cspotcode/source-map-support" "0.7.0"
      "@tsconfig/node10" "^1.0.7"
      "@tsconfig/node12" "^1.0.7"
      "@tsconfig/node14" "^1.0.0"
      "@tsconfig/node16" "^1.0.2"
      acorn "^8.4.1"
      acorn-walk "^8.1.1"
      arg "^4.1.0"
      create-require "^1.1.0"
      diff "^4.0.1"
      make-error "^1.1.1"
      v8-compile-cache-lib "^3.0.0"
      yn "3.1.1"
  
  tsconfig-paths@^3.14.1:
    version "3.14.1"
    resolved "https://registry.npmjs.org/tsconfig-paths/-/tsconfig-paths-3.14.1.tgz#ba0734599e8ea36c862798e920bcf163277b137a"
    integrity sha512-fxDhWnFSLt3VuTwtvJt5fpwxBHg5AdKWMsgcPOOIilyjymcYVZoCQF8fvFRezCNfblEXmi+PcM1eYHeOAgXCOQ==
    dependencies:
      "@types/json5" "^0.0.29"
      json5 "^1.0.1"
      minimist "^1.2.6"
      strip-bom "^3.0.0"
  
  tslib@2.3.0:
    version "2.3.0"
    resolved "https://registry.npmjs.org/tslib/-/tslib-2.3.0.tgz#803b8cdab3e12ba581a4ca41c8839bbb0dacb09e"
    integrity sha512-N82ooyxVNm6h1riLCoyS9e3fuJ3AMG2zIZs2Gd1ATcSFjSA23Q0fzjjZeh0jbJvWVDZ0cJT8yaNNaaXHzueNjg==
  
  tslib@^1.10.0, tslib@^1.8.1, tslib@^1.9.0:
    version "1.14.1"
    resolved "https://registry.npmjs.org/tslib/-/tslib-1.14.1.tgz#cf2d38bdc34a134bcaf1091c41f6619e2f672d00"
    integrity sha512-Xni35NKzjgMrwevysHTCArtLDpPvye8zV/0E4EyYn43P7/7qvQwPh9BGkHewbMulVntbigmcT7rdX3BNo9wRJg==
  
  tslib@^2.0.0, tslib@^2.0.3, tslib@^2.1.0:
    version "2.4.0"
    resolved "https://registry.npmjs.org/tslib/-/tslib-2.4.0.tgz#7cecaa7f073ce680a05847aa77be941098f36dc3"
    integrity sha512-d6xOpEDfsi2CZVlPQzGeux8XMwLT9hssAsaPYExaQMuYskwb+x1x7J371tWlbBdWHroy99KnVB6qIkUbs5X3UQ==
  
  tsutils@^3.21.0:
    version "3.21.0"
    resolved "https://registry.npmjs.org/tsutils/-/tsutils-3.21.0.tgz#b48717d394cea6c1e096983eed58e9d61715b623"
    integrity sha512-mHKK3iUXL+3UF6xL5k0PEhKRUBKPBCv/+RkEOpjRWxxx27KKRBmmA60A9pgOUvMi8GKhRMPEmjBRPzs2W7O1OA==
    dependencies:
      tslib "^1.8.1"
  
  type-check@^0.4.0, type-check@~0.4.0:
    version "0.4.0"
    resolved "https://registry.npmjs.org/type-check/-/type-check-0.4.0.tgz#07b8203bfa7056c0657050e3ccd2c37730bab8f1"
    integrity sha512-XleUoc9uwGXqjWwXaUTZAmzMcFZ5858QA2vvx1Ur5xIcixXIP+8LnFDgRplU30us6teqdlskFfu+ae4K79Ooew==
    dependencies:
      prelude-ls "^1.2.1"
  
  type-fest@^0.18.0:
    version "0.18.1"
    resolved "https://registry.npmjs.org/type-fest/-/type-fest-0.18.1.tgz#db4bc151a4a2cf4eebf9add5db75508db6cc841f"
    integrity sha512-OIAYXk8+ISY+qTOwkHtKqzAuxchoMiD9Udx+FSGQDuiRR+PJKJHc2NJAXlbhkGwTt/4/nKZxELY1w3ReWOL8mw==
  
  type-fest@^0.20.2:
    version "0.20.2"
    resolved "https://registry.npmjs.org/type-fest/-/type-fest-0.20.2.tgz#1bf207f4b28f91583666cb5fbd327887301cd5f4"
    integrity sha512-Ne+eE4r0/iWnpAxD852z3A+N0Bt5RN//NjJwRd2VFHEmrywxf5vsZlh4R6lixl6B+wz/8d+maTSAkN1FIkI3LQ==
  
  type-fest@^0.21.3:
    version "0.21.3"
    resolved "https://registry.npmjs.org/type-fest/-/type-fest-0.21.3.tgz#d260a24b0198436e133fa26a524a6d65fa3b2e37"
    integrity sha512-t0rzBq87m3fVcduHDUFhKmyyX+9eo6WQjZvf51Ea/M0Q7+T374Jp1aUiyUl0GKxp8M/OETVHSDvmkyPgvX+X2w==
  
  type-fest@^0.6.0:
    version "0.6.0"
    resolved "https://registry.npmjs.org/type-fest/-/type-fest-0.6.0.tgz#8d2a2370d3df886eb5c90ada1c5bf6188acf838b"
    integrity sha512-q+MB8nYR1KDLrgr4G5yemftpMC7/QLqVndBmEEdqzmNj5dcFOO4Oo8qlwZE3ULT3+Zim1F8Kq4cBnikNhlCMlg==
  
  type-fest@^0.8.1:
    version "0.8.1"
    resolved "https://registry.npmjs.org/type-fest/-/type-fest-0.8.1.tgz#09e249ebde851d3b1e48d27c105444667f17b83d"
    integrity sha512-4dbzIzqvjtgiM5rw1k5rEHtBANKmdudhGyBEajN01fEyhaAIhsoKNy6y7+IN93IfpFtwY9iqi7kD+xwKhQsNJA==
  
  typescript@^4.4.3:
    version "4.6.3"
    resolved "https://registry.npmjs.org/typescript/-/typescript-4.6.3.tgz#eefeafa6afdd31d725584c67a0eaba80f6fc6c6c"
    integrity sha512-yNIatDa5iaofVozS/uQJEl3JRWLKKGJKh6Yaiv0GLGSuhpFJe7P3SbHZ8/yjAHRQwKRoA6YZqlfjXWmVzoVSMw==
  
  ufo@^0.8.3:
    version "0.8.3"
    resolved "https://registry.npmjs.org/ufo/-/ufo-0.8.3.tgz#3a2430f94afc13ba556f6dad498a2a6520dcb5d3"
    integrity sha512-AIkk06G21y/P+NCatfU+1qldCmI0XCszZLn8AkuKotffF3eqCvlce0KuwM7ZemLE/my0GSYADOAeM5zDYWMB+A==
  
  uglify-js@^2.6.2:
    version "2.8.29"
    resolved "https://registry.npmjs.org/uglify-js/-/uglify-js-2.8.29.tgz#29c5733148057bb4e1f75df35b7a9cb72e6a59dd"
    integrity sha1-KcVzMUgFe7Th913zW3qcty5qWd0=
    dependencies:
      source-map "~0.5.1"
      yargs "~3.10.0"
    optionalDependencies:
      uglify-to-browserify "~1.0.0"
  
  uglify-to-browserify@~1.0.0:
    version "1.0.2"
    resolved "https://registry.npmjs.org/uglify-to-browserify/-/uglify-to-browserify-1.0.2.tgz#6e0924d6bda6b5afe349e39a6d632850a0f882b7"
    integrity sha1-bgkk1r2mta/jSeOabWMoUKD4grc=
  
  unbox-primitive@^1.0.1:
    version "1.0.1"
    resolved "https://registry.npmjs.org/unbox-primitive/-/unbox-primitive-1.0.1.tgz#085e215625ec3162574dc8859abee78a59b14471"
    integrity sha512-tZU/3NqK3dA5gpE1KtyiJUrEB0lxnGkMFHptJ7q6ewdZ8s12QrODwNbhIJStmJkd1QDXa1NRA8aF2A1zk/Ypyw==
    dependencies:
      function-bind "^1.1.1"
      has-bigints "^1.0.1"
      has-symbols "^1.0.2"
      which-boxed-primitive "^1.0.2"
  
  universalify@^0.1.0:
    version "0.1.2"
    resolved "https://registry.npmjs.org/universalify/-/universalify-0.1.2.tgz#b646f69be3942dabcecc9d6639c80dc105efaa66"
    integrity sha512-rBJeI5CXAlmy1pV+617WB9J63U6XcazHHF2f2dbJix4XzpUF0RS3Zbj0FGIOCAva5P/d/GBOYaACQ1w+0azUkg==
  
  universalify@^2.0.0:
    version "2.0.0"
    resolved "https://registry.npmjs.org/universalify/-/universalify-2.0.0.tgz#75a4984efedc4b08975c5aeb73f530d02df25717"
    integrity sha512-hAZsKq7Yy11Zu1DE0OzWjw7nnLZmJZYTDZZyEFHZdUhV8FkH5MCfoU1XMaxXovpyW5nq5scPqq0ZDP9Zyl04oQ==
  
  unplugin-auto-import@^0.7.1:
    version "0.7.1"
    resolved "https://registry.npmjs.org/unplugin-auto-import/-/unplugin-auto-import-0.7.1.tgz#3ad04277254f9fc1bcf18ceb71addb4798bbac7c"
    integrity sha512-9865OV9eP99PNxHR2mtTDExeN01m4M9boT5U2BtIwsU1wDRsaFIYWLwcCBEjvXzXfTTC2NNMskhHGVAMfL2WgA==
    dependencies:
      "@antfu/utils" "^0.5.1"
      "@rollup/pluginutils" "^4.2.0"
      local-pkg "^0.4.1"
      magic-string "^0.26.1"
      resolve "^1.22.0"
      unplugin "^0.6.1"
  
  unplugin-icons@^0.14.1:
    version "0.14.1"
    resolved "https://registry.npmjs.org/unplugin-icons/-/unplugin-icons-0.14.1.tgz#38fe72e91df3c66ab9dbd4e99af94da7d558c04f"
    integrity sha512-drZFbMctvT3ZJPfdCgBv5+LKO8hGbZApRCoBRAUhQFRJQVNGUhGThrOKs+CvWq3XDBPptGNBmst8WyObbr4xiQ==
    dependencies:
      "@antfu/install-pkg" "^0.1.0"
      "@antfu/utils" "^0.5.0"
      "@iconify/utils" "^1.0.30"
      debug "^4.3.4"
      kolorist "^1.5.1"
      local-pkg "^0.4.1"
      unplugin "^0.5.2"
  
  unplugin-vue-components@^0.19.3:
    version "0.19.3"
    resolved "https://registry.npmjs.org/unplugin-vue-components/-/unplugin-vue-components-0.19.3.tgz#4c0aa419d118aee1c010d0da9d38ead45e735d63"
    integrity sha512-z/kpYJnqrJuWglDNs7fy0YRHr41oLc07y2TkP3by6DqPb1GG9xGC9SFigeFwd4J7GVTqyFVsnjoeup7uK7I2dA==
    dependencies:
      "@antfu/utils" "^0.5.0"
      "@rollup/pluginutils" "^4.2.0"
      chokidar "^3.5.3"
      debug "^4.3.4"
      fast-glob "^3.2.11"
      local-pkg "^0.4.1"
      magic-string "^0.26.1"
      minimatch "^5.0.1"
      resolve "^1.22.0"
      unplugin "^0.6.1"
  
  unplugin@^0.5.2:
    version "0.5.2"
    resolved "https://registry.npmjs.org/unplugin/-/unplugin-0.5.2.tgz#45ab2c998193f327f1ef1a3ed6fe64bb84c19982"
    integrity sha512-3SPYtus/56cxyD4jfjrnqCvb6jPxvdqJNaRXnEaG2BhNEMaoygu/39AG+LwKmiIUzj4XHyitcfZ7scGlWfEigA==
    dependencies:
      chokidar "^3.5.3"
      webpack-sources "^3.2.3"
      webpack-virtual-modules "^0.4.3"
  
  unplugin@^0.6.1:
    version "0.6.2"
    resolved "https://registry.npmjs.org/unplugin/-/unplugin-0.6.2.tgz#5646829e7f8a664c8a4498654f258dc6ad3ebf1f"
    integrity sha512-+QONc2uBFQbeo4x5mlJHjTKjR6pmuchMpGVrWhwdGFFMb4ttFZ4E9KqhOOrNcm3Q8NNyB1vJ4s5e36IZC7UWYw==
    dependencies:
      chokidar "^3.5.3"
      webpack-sources "^3.2.3"
      webpack-virtual-modules "^0.4.3"
  
  unzipper@0.10.11:
    version "0.10.11"
    resolved "https://registry.npmjs.org/unzipper/-/unzipper-0.10.11.tgz#0b4991446472cbdb92ee7403909f26c2419c782e"
    integrity sha512-+BrAq2oFqWod5IESRjL3S8baohbevGcVA+teAIOYWM3pDVdseogqbzhhvvmiyQrUNKFUnDMtELW3X8ykbyDCJw==
    dependencies:
      big-integer "^1.6.17"
      binary "~0.3.0"
      bluebird "~3.4.1"
      buffer-indexof-polyfill "~1.0.0"
      duplexer2 "~0.1.4"
      fstream "^1.0.12"
      graceful-fs "^4.2.2"
      listenercount "~1.0.1"
      readable-stream "~2.3.6"
      setimmediate "~1.0.4"
  
  uri-js@^4.2.2:
    version "4.4.1"
    resolved "https://registry.npmjs.org/uri-js/-/uri-js-4.4.1.tgz#9b1a52595225859e55f669d928f88c6c57f2a77e"
    integrity sha512-7rKUyy33Q1yc98pQ1DAmLtwX109F7TIfWlW1Ydo8Wl1ii1SeHieeh0HHfPeL2fMXK6z0s8ecKs9frCuLJvndBg==
    dependencies:
      punycode "^2.1.0"
  
  urix@^0.1.0:
    version "0.1.0"
    resolved "https://registry.npmjs.org/urix/-/urix-0.1.0.tgz#da937f7a62e21fec1fd18d49b35c2935067a6c72"
    integrity sha1-2pN/emLiH+wf0Y1Js1wpNQZ6bHI=
  
  user-home@^2.0.0:
    version "2.0.0"
    resolved "https://registry.npmjs.org/user-home/-/user-home-2.0.0.tgz#9c70bfd8169bc1dcbf48604e0f04b8b49cde9e9f"
    integrity sha1-nHC/2Babwdy/SGBODwS4tJzenp8=
    dependencies:
      os-homedir "^1.0.0"
  
  util-deprecate@^1.0.1, util-deprecate@~1.0.1:
    version "1.0.2"
    resolved "https://registry.npmjs.org/util-deprecate/-/util-deprecate-1.0.2.tgz#450d4dc9fa70de732762fbd2d4a28981419a0ccf"
    integrity sha1-RQ1Nyfpw3nMnYvvS1KKJgUGaDM8=
  
  util@^0.10.3:
    version "0.10.4"
    resolved "https://registry.npmjs.org/util/-/util-0.10.4.tgz#3aa0125bfe668a4672de58857d3ace27ecb76901"
    integrity sha512-0Pm9hTQ3se5ll1XihRic3FDIku70C+iHUdT/W926rSgHV5QgXsYbKZN8MSC3tJtSkhuROzvsQjAaFENRXr+19A==
    dependencies:
      inherits "2.0.3"
  
  v8-compile-cache-lib@^3.0.0:
    version "3.0.1"
    resolved "https://registry.npmjs.org/v8-compile-cache-lib/-/v8-compile-cache-lib-3.0.1.tgz#6336e8d71965cb3d35a1bbb7868445a7c05264bf"
    integrity sha512-wa7YjyUGfNZngI/vtK0UHAN+lgDCxBPCylVXGp0zu59Fz5aiGtNXaq3DhIov063MorB+VfufLh3JlF2KdTK3xg==
  
  v8-compile-cache@^2.0.3:
    version "2.3.0"
    resolved "https://registry.npmjs.org/v8-compile-cache/-/v8-compile-cache-2.3.0.tgz#2de19618c66dc247dcfb6f99338035d8245a2cee"
    integrity sha512-l8lCEmLcLYZh4nbunNZvQCJc5pv7+RCwa8q/LdUx8u7lsWvPDKmpodJAJNwkAhJC//dFY48KuIEmjtd4RViDrA==
  
  validate-npm-package-license@^3.0.1:
    version "3.0.4"
    resolved "https://registry.npmjs.org/validate-npm-package-license/-/validate-npm-package-license-3.0.4.tgz#fc91f6b9c7ba15c857f4cb2c5defeec39d4f410a"
    integrity sha512-DpKm2Ui/xN7/HQKCtpZxoRWBhZ9Z0kqtygG8XCgNQ8ZlDnxuQmWhj566j8fN4Cu3/JmbhsDo7fcAJq4s9h27Ew==
    dependencies:
      spdx-correct "^3.0.0"
      spdx-expression-parse "^3.0.0"
  
  vite-plugin-inspect@^0.5.0:
    version "0.5.0"
    resolved "https://registry.npmjs.org/vite-plugin-inspect/-/vite-plugin-inspect-0.5.0.tgz#94d1abdd3326519527a72502ced51d747d670b87"
    integrity sha512-eArca+5jrNx1hQL+5s79eT5Xq4VXjJcihJhK8GT/+W2GqefVxFO1WO78RnD0HPI+hKSdEFo+B4z2zeaE8DTvWQ==
    dependencies:
      "@rollup/pluginutils" "^4.2.1"
      debug "^4.3.4"
      kolorist "^1.5.1"
      sirv "^2.0.2"
      ufo "^0.8.3"
  
  vite@^2.6.7:
    version "2.9.5"
    resolved "https://registry.npmjs.org/vite/-/vite-2.9.5.tgz#08ef37ac7a6d879c96f328b791732c9a00ea25ea"
    integrity sha512-dvMN64X2YEQgSXF1lYabKXw3BbN6e+BL67+P3Vy4MacnY+UzT1AfkHiioFSi9+uiDUiaDy7Ax/LQqivk6orilg==
    dependencies:
      esbuild "^0.14.27"
      postcss "^8.4.12"
      resolve "^1.22.0"
      rollup "^2.59.0"
    optionalDependencies:
      fsevents "~2.3.2"
  
  vkbeautify@^0.99.3:
    version "0.99.3"
    resolved "https://registry.npmjs.org/vkbeautify/-/vkbeautify-0.99.3.tgz#4769b3238c5d772c6ea967545dd1df5582f23297"
    integrity sha512-2ozZEFfmVvQcHWoHLNuiKlUfDKlhh4KGsy54U0UrlLMR1SO+XKAIDqBxtBwHgNrekurlJwE8A9K6L49T78ZQ9Q==
  
  vue-cropper@^0.5.8:
    version "0.5.8"
    resolved "https://registry.npmjs.org/vue-cropper/-/vue-cropper-0.5.8.tgz#df5c8b923bfc2f1db5280054f73640b0c6a75a8d"
    integrity sha512-Xgi/aLQCcNCiBTUdovy/i4LWx0G7fQnAENBpDWA3J4i87Zlk9DJRksXrClsQ6nnaFRfQVkMimij5GEvAMaXdYw==
  
  vue-demi@*:
    version "0.12.5"
    resolved "https://registry.npmjs.org/vue-demi/-/vue-demi-0.12.5.tgz#8eeed566a7d86eb090209a11723f887d28aeb2d1"
    integrity sha512-BREuTgTYlUr0zw0EZn3hnhC3I6gPWv+Kwh4MCih6QcAeaTlaIX0DwOVN0wHej7hSvDPecz4jygy/idsgKfW58Q==
  
  vue-eslint-parser@^7.10.0:
    version "7.11.0"
    resolved "https://registry.npmjs.org/vue-eslint-parser/-/vue-eslint-parser-7.11.0.tgz#214b5dea961007fcffb2ee65b8912307628d0daf"
    integrity sha512-qh3VhDLeh773wjgNTl7ss0VejY9bMMa0GoDG2fQVyDzRFdiU3L7fw74tWZDHNQXdZqxO3EveQroa9ct39D2nqg==
    dependencies:
      debug "^4.1.1"
      eslint-scope "^5.1.1"
      eslint-visitor-keys "^1.1.0"
      espree "^6.2.1"
      esquery "^1.4.0"
      lodash "^4.17.21"
      semver "^6.3.0"
  
  vue-qr@^2.4.0:
    version "2.5.0"
    resolved "https://registry.npmjs.org/vue-qr/-/vue-qr-2.5.0.tgz#2b938f8d4c3d07eaf9e4931b714e32f7ca15b5dd"
    integrity sha512-lVCEqzZyhrZ49dr6n1C4dMNH/tvKJzRwJhCi9vxWYpiosYTWM0J5m5RsJ745S88XWwgTeOynKMGbyOLG9ZP20Q==
  
  vue-router@^4.0.11:
    version "4.0.14"
    resolved "https://registry.npmjs.org/vue-router/-/vue-router-4.0.14.tgz#ce2028c1c5c33e30c7287950c973f397fce1bd65"
    integrity sha512-wAO6zF9zxA3u+7AkMPqw9LjoUCjSxfFvINQj3E/DceTt6uEz1XZLraDhdg2EYmvVwTBSGlLYsUw8bDmx0754Mw==
    dependencies:
      "@vue/devtools-api" "^6.0.0"
  
  vue-tsc@^0.0.24:
    version "0.0.24"
    resolved "https://registry.npmjs.org/vue-tsc/-/vue-tsc-0.0.24.tgz#0cd90db679f53ea1694254b8663fdb3d624a0872"
    integrity sha512-Qx0V7jkWMtvddtaWa1SA8YKkBCRmjq9zZUB2UIMZiso6JSH538oHD2VumSzkoDnAfFbY3t0/j1mB2abpA0bGWA==
    dependencies:
      unzipper "0.10.11"
  
  vue-tsx-support@^3.1.0:
    version "3.2.0"
    resolved "https://registry.npmjs.org/vue-tsx-support/-/vue-tsx-support-3.2.0.tgz#678b7ecc49473bf743be78482f8edad0331536c0"
    integrity sha512-Uc3i9deEvZeHKc43Lcsh1ihCWvG1yygFnbY1jMe49K+DWCmGgwYWUkD0mxdgPwAMc6gi23CRVkrJsvamfCvD7A==
  
  vue@^2.0.0:
    version "2.6.14"
    resolved "https://registry.npmjs.org/vue/-/vue-2.6.14.tgz#e51aa5250250d569a3fbad3a8a5a687d6036e235"
    integrity sha512-x2284lgYvjOMj3Za7kqzRcUSxBboHqtgRE2zlos1qWaOye5yUmHn42LB1250NJBLRwEcdrB0JRwyPTEPhfQjiQ==
  
  vue@^3.2.4:
    version "3.2.33"
    resolved "https://registry.npmjs.org/vue/-/vue-3.2.33.tgz#7867eb16a3293a28c4d190a837bc447878bd64c2"
    integrity sha512-si1ExAlDUrLSIg/V7D/GgA4twJwfsfgG+t9w10z38HhL/HA07132pUQ2KuwAo8qbCyMJ9e6OqrmWrOCr+jW7ZQ==
    dependencies:
      "@vue/compiler-dom" "3.2.33"
      "@vue/compiler-sfc" "3.2.33"
      "@vue/runtime-dom" "3.2.33"
      "@vue/server-renderer" "3.2.33"
      "@vue/shared" "3.2.33"
  
  vuedraggable@^2.24.3:
    version "2.24.3"
    resolved "https://registry.npmjs.org/vuedraggable/-/vuedraggable-2.24.3.tgz#43c93849b746a24ce503e123d5b259c701ba0d19"
    integrity sha512-6/HDXi92GzB+Hcs9fC6PAAozK1RLt1ewPTLjK0anTYguXLAeySDmcnqE8IC0xa7shvSzRjQXq3/+dsZ7ETGF3g==
    dependencies:
      sortablejs "1.10.2"
  
  vuex@^4.0.0:
    version "4.0.2"
    resolved "https://registry.npmjs.org/vuex/-/vuex-4.0.2.tgz#f896dbd5bf2a0e963f00c67e9b610de749ccacc9"
    integrity sha512-M6r8uxELjZIK8kTKDGgZTYX/ahzblnzC4isU1tpmEuOIIKmV+TRdc+H4s8ds2NuZ7wpUTdGRzJRtoj+lI+pc0Q==
    dependencies:
      "@vue/devtools-api" "^6.0.0-beta.11"
  
  wangeditor@^4.7.2:
    version "4.7.15"
    resolved "https://registry.npmjs.org/wangeditor/-/wangeditor-4.7.15.tgz#38c5e279a79d0428e4fd77ae5be46367e9c819e5"
    integrity sha512-aPTdREd8BxXVyJ5MI+LU83FQ7u1EPd341iXIorRNYSOvoimNoZ4nPg+yn3FGbB93/owEa6buLw8wdhYnMCJQLg==
    dependencies:
      "@babel/runtime" "^7.11.2"
      "@babel/runtime-corejs3" "^7.11.2"
      tslib "^2.1.0"
  
  webpack-sources@^3.2.3:
    version "3.2.3"
    resolved "https://registry.npmjs.org/webpack-sources/-/webpack-sources-3.2.3.tgz#2d4daab8451fd4b240cc27055ff6a0c2ccea0cde"
    integrity sha512-/DyMEOrDgLKKIG0fmvtz+4dUX/3Ghozwgm6iPp8KRhvn+eQf9+Q7GWxVNMk3+uCPWfdXYC4ExGBckIXdFEfH1w==
  
  webpack-virtual-modules@^0.4.3:
    version "0.4.3"
    resolved "https://registry.npmjs.org/webpack-virtual-modules/-/webpack-virtual-modules-0.4.3.tgz#cd597c6d51d5a5ecb473eea1983a58fa8a17ded9"
    integrity sha512-5NUqC2JquIL2pBAAo/VfBP6KuGkHIZQXW/lNKupLPfhViwh8wNsu0BObtl09yuKZszeEUfbXz8xhrHvSG16Nqw==
  
  which-boxed-primitive@^1.0.2:
    version "1.0.2"
    resolved "https://registry.npmjs.org/which-boxed-primitive/-/which-boxed-primitive-1.0.2.tgz#13757bc89b209b049fe5d86430e21cf40a89a8e6"
    integrity sha512-bwZdv0AKLpplFY2KZRX6TvyuN7ojjr7lwkg6ml0roIy9YeuSr7JS372qlNW18UQYzgYK9ziGcerWqZOmEn9VNg==
    dependencies:
      is-bigint "^1.0.1"
      is-boolean-object "^1.1.0"
      is-number-object "^1.0.4"
      is-string "^1.0.5"
      is-symbol "^1.0.3"
  
  which@^1.2.14:
    version "1.3.1"
    resolved "https://registry.npmjs.org/which/-/which-1.3.1.tgz#a45043d54f5805316da8d62f9f50918d3da70b0a"
    integrity sha512-HxJdYWq1MTIQbJ3nw0cqssHoTNU267KlrDuGZ1WYlxDStUtKUhOaJmh112/TZmHxxUfuJqPXSOm7tDyas0OSIQ==
    dependencies:
      isexe "^2.0.0"
  
  which@^2.0.1:
    version "2.0.2"
    resolved "https://registry.npmjs.org/which/-/which-2.0.2.tgz#7c6a8dd0a636a0327e10b59c9286eee93f3f51b1"
    integrity sha512-BLI3Tl1TW3Pvl70l3yq3Y64i+awpwXqsGBYWkkqMtnbXgrMD+yj7rhW0kuEDxzJaYXGjEW5ogapKNMEKNMjibA==
    dependencies:
      isexe "^2.0.0"
  
  window-size@0.1.0:
    version "0.1.0"
    resolved "https://registry.npmjs.org/window-size/-/window-size-0.1.0.tgz#5438cd2ea93b202efa3a19fe8887aee7c94f9c9d"
    integrity sha1-VDjNLqk7IC76Ohn+iIeu58lPnJ0=
  
  wmf@~1.0.1:
    version "1.0.2"
    resolved "https://registry.npmjs.org/wmf/-/wmf-1.0.2.tgz#7d19d621071a08c2bdc6b7e688a9c435298cc2da"
    integrity sha512-/p9K7bEh0Dj6WbXg4JG0xvLQmIadrner1bi45VMJTfnbVHsc7yIajZyoSoK60/dtVBs12Fm6WkUI5/3WAVsNMw==
  
  wolfy87-eventemitter@^5.1.0:
    version "5.2.9"
    resolved "https://registry.npmjs.org/wolfy87-eventemitter/-/wolfy87-eventemitter-5.2.9.tgz#e879f770b30fbb6512a8afbb330c388591099c2a"
    integrity sha512-P+6vtWyuDw+MB01X7UeF8TaHBvbCovf4HPEMF/SV7BdDc1SMTiBy13SRD71lQh4ExFTG1d/WNzDGDCyOKSMblw==
  
  word-wrap@^1.0.3, word-wrap@^1.2.3:
    version "1.2.3"
    resolved "https://registry.npmjs.org/word-wrap/-/word-wrap-1.2.3.tgz#610636f6b1f703891bd34771ccb17fb93b47079c"
    integrity sha512-Hz/mrNwitNRh/HUAtM/VT/5VH+ygD6DV7mYKZAtHOrbs8U7lvPS6xf7EJKMF0uW1KJCl0H701g3ZGus+muE5vQ==
  
  word@~0.3.0:
    version "0.3.0"
    resolved "https://registry.npmjs.org/word/-/word-0.3.0.tgz#8542157e4f8e849f4a363a288992d47612db9961"
    integrity sha512-OELeY0Q61OXpdUfTp+oweA/vtLVg5VDOXh+3he3PNzLGG/y0oylSOC1xRVj0+l4vQ3tj/bB1HVHv1ocXkQceFA==
  
  wordwrap@0.0.2:
    version "0.0.2"
    resolved "https://registry.npmjs.org/wordwrap/-/wordwrap-0.0.2.tgz#b79669bb42ecb409f83d583cad52ca17eaa1643f"
    integrity sha1-t5Zpu0LstAn4PVg8rVLKF+qhZD8=
  
  wrap-ansi@^6.2.0:
    version "6.2.0"
    resolved "https://registry.npmjs.org/wrap-ansi/-/wrap-ansi-6.2.0.tgz#e9393ba07102e6c91a3b221478f0257cd2856e53"
    integrity sha512-r6lPcBGxZXlIcymEu7InxDMhdW0KDxpLgoFLcguasxCaJ/SOIZwINatK9KY/tf+ZrlywOKU0UDj3ATXUBfxJXA==
    dependencies:
      ansi-styles "^4.0.0"
      string-width "^4.1.0"
      strip-ansi "^6.0.0"
  
  wrap-ansi@^7.0.0:
    version "7.0.0"
    resolved "https://registry.npmjs.org/wrap-ansi/-/wrap-ansi-7.0.0.tgz#67e145cff510a6a6984bdf1152911d69d2eb9e43"
    integrity sha512-YVGIj2kamLSTxw6NsZjoBxfSwsn0ycdesmc4p+Q21c5zPuZ1pl+NfxVdxPtdHvmNVOQ6XSYG4AUtyt/Fi7D16Q==
    dependencies:
      ansi-styles "^4.0.0"
      string-width "^4.1.0"
      strip-ansi "^6.0.0"
  
  wrappy@1:
    version "1.0.2"
    resolved "https://registry.npmjs.org/wrappy/-/wrappy-1.0.2.tgz#b5243d8f3ec1aa35f1364605bc0d1036e30ab69f"
    integrity sha1-tSQ9jz7BqjXxNkYFvA0QNuMKtp8=
  
  xlsx@^0.17.0:
    version "0.17.5"
    resolved "https://registry.npmjs.org/xlsx/-/xlsx-0.17.5.tgz#78b788fcfc0773d126cdcd7ea069cb7527c1ce81"
    integrity sha512-lXNU0TuYsvElzvtI6O7WIVb9Zar1XYw7Xb3VAx2wn8N/n0whBYrCnHMxtFyIiUU1Wjf09WzmLALDfBO5PqTb1g==
    dependencies:
      adler-32 "~1.2.0"
      cfb "^1.1.4"
      codepage "~1.15.0"
      crc-32 "~1.2.0"
      ssf "~0.11.2"
      wmf "~1.0.1"
      word "~0.3.0"
  
  y18n@^5.0.5:
    version "5.0.8"
    resolved "https://registry.npmjs.org/y18n/-/y18n-5.0.8.tgz#7f4934d0f7ca8c56f95314939ddcd2dd91ce1d55"
    integrity sha512-0pfFzegeDWJHJIAmTLRP2DwHjdF5s7jo9tuztdQxAhINCdvS+3nGINqPd00AphqJR/0LhANUS6/+7SCb98YOfA==
  
  yallist@^4.0.0:
    version "4.0.0"
    resolved "https://registry.npmjs.org/yallist/-/yallist-4.0.0.tgz#9bb92790d9c0effec63be73519e11a35019a3a72"
    integrity sha512-3wdGidZyq5PB084XLES5TpOSRA3wjXAlIWMhum2kRcv/41Sn2emQ0dycQW4uZXLejwKvg6EsvbdlVL+FYEct7A==
  
  yaml@^1.10.0:
    version "1.10.2"
    resolved "https://registry.npmjs.org/yaml/-/yaml-1.10.2.tgz#2301c5ffbf12b467de8da2333a459e29e7920e4b"
    integrity sha512-r3vXyErRCYJ7wg28yvBY5VSoAF8ZvlcW9/BwUzEtUsjvX/DKs24dIkuwjtuprwJJHsbyUbLApepYTR1BN4uHrg==
  
  yargs-parser@^20.2.2, yargs-parser@^20.2.3:
    version "20.2.9"
    resolved "https://registry.npmjs.org/yargs-parser/-/yargs-parser-20.2.9.tgz#2eb7dc3b0289718fc295f362753845c41a0c94ee"
    integrity sha512-y11nGElTIV+CT3Zv9t7VKl+Q3hTQoT9a1Qzezhhl6Rp21gJ/IVTW7Z3y9EWXhuUBC2Shnf+DX0antecpAwSP8w==
  
  yargs@^16.2.0:
    version "16.2.0"
    resolved "https://registry.npmjs.org/yargs/-/yargs-16.2.0.tgz#1c82bf0f6b6a66eafce7ef30e376f49a12477f66"
    integrity sha512-D1mvvtDG0L5ft/jGWkLpG1+m0eQxOfaBvTNELraWj22wSVUMWxZUvYgJYcKh6jGGIkJFhH4IZPQhR4TKpc8mBw==
    dependencies:
      cliui "^7.0.2"
      escalade "^3.1.1"
      get-caller-file "^2.0.5"
      require-directory "^2.1.1"
      string-width "^4.2.0"
      y18n "^5.0.5"
      yargs-parser "^20.2.2"
  
  yargs@~3.10.0:
    version "3.10.0"
    resolved "https://registry.npmjs.org/yargs/-/yargs-3.10.0.tgz#f7ee7bd857dd7c1d2d38c0e74efbd681d1431fd1"
    integrity sha1-9+572FfdfB0tOMDnTvvWgdFDH9E=
    dependencies:
      camelcase "^1.0.2"
      cliui "^2.1.0"
      decamelize "^1.0.0"
      window-size "0.1.0"
  
  yn@3.1.1:
    version "3.1.1"
    resolved "https://registry.npmjs.org/yn/-/yn-3.1.1.tgz#1e87401a09d767c1d5eab26a6e4c185182d2eb50"
    integrity sha512-Ux4ygGWsu2c7isFWe8Yu1YluJmqVhxqK2cLXNQA5AcC3QfbGNpM7fu0Y8b/z16pXLnFxZYvWhd3fhBY9DLmC6Q==
  
  yocto-queue@^0.1.0:
    version "0.1.0"
    resolved "https://registry.npmjs.org/yocto-queue/-/yocto-queue-0.1.0.tgz#0294eb3dee05028d31ee1a5fa2c556a6aaf10a1b"
    integrity sha512-rVksvsnNCdJ/ohGc6xgPwyN8eheCxsiLM8mxuE/t/mOVqJewPuO1miLpTHQiRgTKCLexL4MeAFVagts7HmNZ2Q==
  
  zrender@5.3.1:
    version "5.3.1"
    resolved "https://registry.npmjs.org/zrender/-/zrender-5.3.1.tgz#fa8e63ac7e719cfd563831fe8c42a9756c5af384"
    integrity sha512-7olqIjy0gWfznKr6vgfnGBk7y4UtdMvdwFmK92vVQsQeDPyzkHW1OlrLEKg6GHz1W5ePf0FeN1q2vkl/HFqhXw==
    dependencies:
      tslib "2.3.0"
